word,reading,pos,sub_pos,len,category,sub_cate
ＲＶ車,アールブイシャ,名詞,,7,もの・こと,乗り物（陸上）
挨拶,アイサツ,名詞,サ変接続,4,動き,合図・挨拶
合図,アイズ,名詞,サ変接続,3,動き,合図・挨拶
愛想,アイソ,名詞,,3,もの・こと,表情・態度
間柄,アイダガラ,名詞,,5,もの・こと,関係
相槌,アイヅチ,名詞,,4,もの・こと,問答
相手,アイテ,名詞,,3,もの・こと,相手・仲間
相手方,アイテカタ,名詞,,5,もの・こと,自他
アイドル,アイドル,名詞,,4,もの・こと,人物
曖昧,アイマイ,名詞,形容,4,状態,詳細・正確・不思議
青痣,アオアザ,名詞,,4,もの・こと,口語・IT
青い,アオイ,形容詞,,3,状態,才能
青紫蘇,アオジソ,名詞,,4,もの・こと,草本
青葉,アオバ,名詞,,3,もの・こと,枝・葉・花・実
仰向け,アオムケ,名詞,,4,もの・こと,方向・方角
赤い,アカイ,形容詞,,3,状態,色
証,アカシ,名詞,,3,もの・こと,論理・証明・偽り・誤り・訂正など
暁,アカツキ,名詞,,4,もの・こと,朝晩
赤土,アカツチ,名詞,,4,もの・こと,鉱物
明かり,アカリ,名詞,,3,もの・こと,灯火
上がり口,アガリグチ,名詞,,5,もの・こと,穴・口
明るい,アカルイ,形容詞,,4,状態,快・喜び
秋,アキ,名詞,時 連用,2,もの・こと,季節
悪意,アクイ,名詞,,3,もの・こと,好悪・愛憎
悪臭,アクシュウ,名詞,,5,もの・こと,におい
欠伸,アクビ,名詞,,3,もの・こと,日
明け方,アケガタ,名詞,時 連用,4,もの・こと,朝晩
挙句,アゲク,名詞,,3,もの・こと,終始
開け閉め,アケシメ,名詞,サ変接続,4,動き,開閉・封
顎,アゴ,名詞,,2,もの・こと,頭・目鼻・顔
憧れ,アコガレ,名詞,,4,もの・こと,好悪・愛憎
朝,アサ,名詞,時 連用,2,もの・こと,時代
あざ,アザ,名詞,,2,もの・こと,障害・けが
浅い,アサイ,形容詞,,3,状態,長短・高低・深浅・厚薄・遠近
朝方,アサガタ,名詞,時 連用,4,もの・こと,朝晩
痣だらけ,アザダラケ,名詞,,5,もの・こと,口語・IT
浅はか,アサハカ,名詞,,4,もの・こと,才能
朝晩,アサバン,名詞,時 連用,4,もの・こと,毎日・毎度
足,アシ,名詞,,2,もの・こと,助数接辞
アジア,アジア,名詞,固有 地,3,もの・こと,固有地名
足音,アシオト,名詞,,4,もの・こと,音
足掛り,アシガカリ,名詞,,5,もの・こと,点
足首,アシクビ,名詞,,4,もの・こと,手足・指
アシスタント,アシスタント,名詞,,6,もの・こと,その他の仕手
明日,アシタ,名詞,時 連用,3,もの・こと,未来
味付け,アジツケ,名詞,サ変接続,4,動き,炊事・調理
遊び,アソビ,名詞,,3,もの・こと,過不足
あだ,アダ,名詞,,2,もの・こと,因果
値,アタイ,名詞,,3,もの・こと,値・額
あたたかい,アタタカイ,形容詞,,5,状態,熱
温かさ,アタタカサ,名詞,,5,もの・こと,熱
頭,アタマ,名詞,,3,もの・こと,助数接辞
頭越し,アタマゴシ,名詞,形容,5,状態,ふち・そば・まわり・沿い
新しい,アタラシイ,形容詞,,5,状態,新旧・遅速
新しもの好き,アタラシモノズキ,名詞,,8,もの・こと,口語・IT
あたり,アタリ,名詞,,3,もの・こと,当たり・打ちなど
当たり前,アタリマエ,名詞,形容,5,状態,因果
あちらこちら,アチラコチラ,名詞,連用,6,もの・こと,空間・場所
圧,アツ,名詞,,2,もの・こと,弾力・動力・圧力など
暑い,アツイ,形容詞,,3,状態,寒暖
悪化,アッカ,名詞,サ変接続,3,動き,作用・変化
暑苦しい,アツクルシイ,形容詞,,6,状態,寒暖
熱さ,アツサ,名詞,,3,もの・こと,熱
あっという間,アットイウマ,名詞,,6,もの・こと,即時
圧倒,アットウ,名詞,サ変接続,4,動き,限定・優劣
アップ,アップ,名詞,サ変接続,3,動き,上がり・下がり
軋轢,アツレキ,名詞,,4,もの・こと,争い
艶やか,アデヤカ,名詞,,4,もの・こと,美醜
跡,アト,名詞,,2,もの・こと,範囲・席・跡
後々,アトアト,名詞,時 連用,4,もの・こと,未来
後押し,アトオシ,名詞,サ変接続,4,動き,突き・押し・引き・すれなど
あどけない,アドケナイ,形容詞,,5,状態,人柄
後始末,アトシマツ,名詞,サ変接続,5,動き,調節
後の祭,アトノマツリ,名詞,,6,もの・こと,新旧・遅速
アドバイス,アドバイス,名詞,サ変接続,5,動き,教育・養成
アドレス,アドレス,名詞,,4,もの・こと,空間・場所
アドレス帳,アドレスチョウ,名詞,,7,もの・こと,目録・暦
穴,アナ,名詞,,2,もの・こと,成形・変形
アナウンサー,アナウンサー,名詞,呼称,6,もの・こと,専門的・技術的職業
アナログ,アナログ,名詞,,4,もの・こと,量
兄,アニ,名詞,,2,もの・こと,われ・なれ・かれ
あの時,アノトキ,名詞,時 連用 指示,4,もの・こと,口語・IT
あの世,アノヨ,名詞,,3,もの・こと,社会・世界
アパート,アパート,名詞,,4,もの・こと,住居
危ない,アブナイ,形容詞,,4,状態,難易・安危
アプリ,アプリ,名詞,,3,もの・こと,口語・IT
アポイントメント,アポイントメント,名詞,,8,もの・こと,約束
海女,アマ,名詞,,2,もの・こと,農林水産業
甘い,アマイ,形容詞,,3,状態,弛緩・粗密・繁簡
雨音,アマオト,名詞,,4,もの・こと,口語・IT
雨戸,アマド,名詞,,3,もの・こと,戸・カーテン・敷物・畳など
雨宿り,アマヤドリ,名詞,,5,もの・こと,住生活
網,アミ,名詞,,2,もの・こと,線
編み物,アミモノ,名詞,,4,もの・こと,裁縫
雨,アメ,名詞,,2,もの・こと,雨・雪
アメリカ,アメリカ,名詞,固有 地,4,もの・こと,固有地名
あやしい,アヤシイ,形容詞,,4,状態,詳細・正確・不思議
荒い,アライ,形容詞,,3,状態,力
嵐,アラシ,名詞,,3,もの・こと,いたずら・騒ぎ
争い,アラソイ,名詞,,4,もの・こと,争い
新た,アラタ,名詞,形容,3,状態,新旧・遅速
荒っぽい,アラッポイ,形容詞,,5,状態,弛緩・粗密・繁簡
有明け,アリアケ,名詞,,4,もの・こと,朝晩
ありがたい,アリガタイ,形容詞,,5,状態,敬意・感謝・信頼など
有り体,アリテイ,名詞,,4,もの・こと,真偽・是非
アルバイト,アルバイト,名詞,サ変接続,5,動き,労働・作業・休暇
アルバム,アルバム,名詞,,4,もの・こと,楽器・レコードなど
ある日,アルヒ,名詞,時 連用 指示,3,もの・こと,時機・時刻
アルミ,アルミ,名詞,,3,もの・こと,元素
アルミ板,アルミバン,名詞,,5,もの・こと,口語・IT
アレルギー,アレルギー,名詞,,5,もの・こと,感覚
アロマテラピー,アロマテラピー,名詞,,7,もの・こと,口語・IT
慌ただしい,アワタダシイ,形容詞,,6,状態,速度
暗雲,アンウン,名詞,,4,もの・こと,雲
アンケート,アンケート,名詞,サ変接続,5,動き,問答
暗視,アンシ,名詞,サ変接続,3,動き,口語・IT
暗室,アンシツ,名詞,,4,もの・こと,部屋・床・廊下・階段など
暗証,アンショウ,名詞,,5,もの・こと,論理・証明・偽り・誤り・訂正など
安心,アンシン,名詞,サ変接続,4,動き,安心・焦燥・満足
安置,アンチ,名詞,サ変接続,3,動き,固定・傾き・転倒など
あんちゃん,アンチャン,名詞,,5,もの・こと,老少
安定剤,アンテイザイ,名詞,,6,もの・こと,薬剤・薬品
安堵,アンド,名詞,サ変接続,3,動き,安心・焦燥・満足
案内,アンナイ,名詞,サ変接続,4,動き,応接・送迎
案内版,アンナイバン,名詞,,6,もの・こと,口語・IT
案内文,アンナイブン,名詞,,6,もの・こと,口語・IT
威圧感,イアツカン,名詞,,5,もの・こと,口語・IT
良い,イイ,形容詞,,2,状態,意味・問題・趣旨など
言い訳,イイワケ,名詞,サ変接続,4,動き,批評・弁解
委員長,イインチョウ,名詞,呼称,6,もの・こと,長
家,イエ,名詞,,2,もの・こと,家族
家中,イエジュウ,名詞,連用,5,もの・こと,国
家並,イエナミ,名詞,,4,もの・こと,束・片・列・わく
イカ,イカ,名詞,,2,もの・こと,作用・変化
以下,イカ,名詞,連用,2,もの・こと,程度・限度
医科,イカ,名詞,,2,もの・こと,学問・学科
医学,イガク,名詞,,3,もの・こと,学問・学科
怒り,イカリ,名詞,引用,3,もの・こと,恐れ・怒り・悔しさ
いかん,イカン,名詞,形容,3,状態,様相・情勢
意気,イキ,名詞,,2,もの・こと,心
息,イキ,名詞,,2,もの・こと,趣・調子
勢い,イキオイ,名詞,,4,もの・こと,勢い
行き来,イキキ,名詞,サ変接続,3,動き,往復
いきさつ,イキサツ,名詞,,4,もの・こと,進行・過程・経由
生き物,イキモノ,名詞,,4,もの・こと,生物
イギリス,イギリス,名詞,固有 地,4,もの・こと,固有地名
育児日記,イクジニッキ,名詞,,6,もの・こと,口語・IT
幾つ,イクツ,名詞,連用 指示,3,もの・こと,数記号（一二三）
いけない,イケナイ,形容詞,,4,状態,良不良・適不適
意見,イケン,名詞,サ変接続,3,動き,思考・意見・疑い
囲碁,イゴ,名詞,,2,もの・こと,遊楽
以降,イコウ,名詞,時 連用,3,もの・こと,時間的前後
居酒屋,イザカヤ,名詞,,4,もの・こと,店・旅館・病院・劇場など
潔い,イサギヨイ,形容詞,,5,状態,人柄
意志,イシ,名詞,,2,もの・こと,意志
意地,イジ,名詞,,2,もの・こと,信念・努力・忍耐
維持,イジ,名詞,サ変接続,2,動き,保存
維持法,イジホウ,名詞,,4,もの・こと,口語・IT
イシモチ,イシモチ,名詞,,4,もの・こと,魚類
医者,イシャ,名詞,呼称,3,もの・こと,専門的・技術的職業
異臭,イシュウ,名詞,,4,もの・こと,におい
衣装,イショウ,名詞,,4,もの・こと,衣服
異状,イジョウ,名詞,,4,もの・こと,様相・情勢
威信,イシン,名詞,,3,もの・こと,威厳・行儀・品行
椅子,イス,名詞,,2,もの・こと,家具
イスラエル,イスラエル,名詞,固有 地,5,もの・こと,固有地名
いずれ,イズレ,名詞,連用 指示,3,もの・こと,こそあど・他
威勢,イセイ,名詞,,3,もの・こと,風・観・姿
移設,イセツ,名詞,サ変接続,3,動き,説・論・主義
以前,イゼン,名詞,時 連用,3,もの・こと,過去
居候,イソウロウ,名詞,サ変接続,5,動き,家族
忙しい,イソガシイ,形容詞,,5,状態,労働・作業・休暇
板,イタ,名詞,,2,もの・こと,木・石・金
痛い,イタイ,形容詞,,3,状態,感覚
痛さ,イタサ,名詞,,3,もの・こと,感覚
いたみ,イタミ,名詞,,3,もの・こと,破壊
痛み,イタミ,名詞,,3,もの・こと,感覚
イタリア,イタリア,名詞,固有 地,4,もの・こと,固有地名
位置,イチ,名詞,サ変接続,2,動き,空間・場所
市,イチ,名詞,,2,もの・こと,政治的区画
イチゴ,イチゴ,名詞,,3,もの・こと,永久・一生
苺,イチゴ,名詞,,3,もの・こと,永久・一生
一時,イチジ,名詞,時 連用,3,もの・こと,時間
一時期,イチジキ,名詞,時 連用,4,もの・こと,口語・IT
一時的,イチジテキ,名詞,形容,5,状態,毎日・毎度
一同,イチドウ,名詞,連用,4,もの・こと,一般・全体・部分
一度目,イチドメ,名詞,連用,4,もの・こと,口語・IT
市場,イチバ,名詞,,3,もの・こと,社会・世界
いち早い,イチハヤイ,形容詞,,5,状態,即時
一部分,イチブブン,名詞,連用,5,もの・こと,一般・全体・部分
一問一答,イチモンイットウ,名詞,,8,もの・こと,問答
一律,イチリツ,名詞,,4,もの・こと,趣・調子
一家,イッカ,名詞,,3,もの・こと,家族
一介,イッカイ,名詞,,4,もの・こと,公私
一角,イッカク,名詞,連用,4,もの・こと,中・隅・端
一喝,イッカツ,名詞,サ変接続,4,動き,言語活動
慈しみ,イツクシミ,名詞,,5,もの・こと,好悪・愛憎
一切,イッサイ,名詞,,4,もの・こと,一般・全体・部分
一室,イッシツ,名詞,連用,4,もの・こと,口語・IT
一瞬,イッシュン,名詞,時 連用,5,もの・こと,時間
一緒,イッショ,名詞,,4,もの・こと,異同・類似
一生,イッショウ,名詞,時 連用,5,もの・こと,永久・一生
一升瓶,イッショウビン,名詞,,7,もの・こと,口語・IT
一緒くた,イッショクタ,名詞,,6,もの・こと,調和・混乱
一心,イッシン,名詞,,4,もの・こと,信念・努力・忍耐
一睡,イッスイ,名詞,サ変接続,4,動き,飢渇・酔い・疲労・睡眠など
一端,イッタン,名詞,,4,もの・こと,中・隅・端
一致,イッチ,名詞,サ変接続,3,動き,異同・類似
一直線,イッチョクセン,名詞,,7,もの・こと,進行・過程・経由
一定,イッテイ,名詞,形容,4,状態,作用・変化
一滴,イッテキ,名詞,連用,4,もの・こと,除去
一転,イッテン,名詞,サ変接続,4,動き,作用・変化
一点,イッテン,名詞,連体,4,もの・こと,作用・変化
一等地,イットウチ,名詞,,5,もの・こと,地類（土地利用）
いっとき,イットキ,名詞,時 連用,4,もの・こと,時間
いっぱい,イッパイ,名詞,形容 連用,4,状態,勝敗
一杯,イッパイ,名詞,連用,4,もの・こと,多少
一泊,イッパク,名詞,サ変接続,4,動き,住生活
一般,イッパン,名詞,連体,4,もの・こと,異同・類似
一般論,イッパンロン,名詞,,6,もの・こと,説・論・主義
一風,イップウ,名詞,,4,もの・こと,多少
一変,イッペン,名詞,サ変接続,4,動き,作用・変化
一辺,イッペン,名詞,,4,もの・こと,作用・変化
一歩,イッポ,名詞,連用,3,もの・こと,走り・飛び・流れなど
一方,イッポウ,名詞,連用,4,もの・こと,方向・方角
遺伝,イデン,名詞,サ変接続,3,動き,生理
遺伝子,イデンシ,名詞,,4,もの・こと,生物
遺伝的,イデンテキ,名詞,形容,5,状態,口語・IT
意図,イト,名詞,サ変接続,2,動き,意志
糸,イト,名詞,,2,もの・こと,助数接辞
移動,イドウ,名詞,サ変接続,3,動き,動き
従兄弟,イトコ,名詞,,3,もの・こと,親戚
従姉妹,イトコ,名詞,,3,もの・こと,親戚
否,イナ,名詞,,2,もの・こと,真偽・是非
田舎,イナカ,名詞,,3,もの・こと,郷里
田舎町,イナカマチ,名詞,,5,もの・こと,口語・IT
古,イニシエ,名詞,,4,もの・こと,過去
犬,イヌ,名詞,,2,もの・こと,専門的・技術的職業
命,イノチ,名詞,,3,もの・こと,人生・禍福
居場所,イバショ,名詞,,4,もの・こと,空間・場所
居間,イマ,名詞,,2,もの・こと,部屋・床・廊下・階段など
今,イマ,名詞,時 連用,2,もの・こと,現在
いまいましい,イマイマシイ,形容詞,,6,状態,恐れ・怒り・悔しさ
今現在,イマゲンザイ,名詞,連用,6,もの・こと,口語・IT
今頃,イマゴロ,名詞,時 連用,4,もの・こと,現在
今どき,イマドキ,名詞,時 連用,4,もの・こと,現在
忌まわしい,イマワシイ,形容詞,,5,状態,好悪・愛憎
意味,イミ,名詞,サ変接続,2,動き,意味・問題・趣旨など
医務室,イムシツ,名詞,,4,もの・こと,部屋・床・廊下・階段など
イメージ,イメージ,名詞,,4,もの・こと,意味・問題・趣旨など
妹,イモウト,名詞,,4,もの・こと,兄弟
芋焼酎,イモジョウチュウ,名詞,,8,もの・こと,口語・IT
芋づる,イモヅル,名詞,,4,もの・こと,枝・葉・花・実
芋づる式,イモヅルシキ,名詞,連体,6,もの・こと,連続・反復
嫌,イヤ,名詞,形容,2,状態,好悪・愛憎
嫌がらせ,イヤガラセ,名詞,,5,もの・こと,待遇
嫌気,イヤケ,名詞,,3,もの・こと,好悪・愛憎
癒し,イヤシ,名詞,,3,もの・こと,医療
嫌味,イヤミ,名詞,形容,3,状態,批評・弁解
異様,イヨウ,名詞,形容,3,状態,特徴
依頼,イライ,名詞,サ変接続,3,動き,請求・依頼
入口,イリクチ,名詞,,4,もの・こと,口語・IT
医療,イリョウ,名詞,,4,もの・こと,医療
入れ違い,イレチガイ,名詞,,5,もの・こと,変換・交換
入れ歯,イレバ,名詞,,3,もの・こと,骨・歯・爪・角・甲
色,イロ,名詞,,2,もの・こと,友・なじみ
いろいろ,イロイロ,名詞,形容 連用,4,状態,弛緩・粗密・繁簡
色濃い,イロコイ,形容詞,,4,状態,色
色っぽい,イロッポイ,形容詞,,5,状態,色
違和感,イワカン,名詞,,4,もの・こと,感覚
隠居暮らし,インキョグラシ,名詞,サ変接続,7,動き,口語・IT
印刷,インサツ,名詞,サ変接続,4,動き,印刷・製本
陰湿,インシツ,名詞,形容,4,状態,待遇・礼など
印象,インショウ,名詞,連体,5,もの・こと,感覚
印象的,インショウテキ,名詞,形容,7,状態,感覚
インストール,インストール,名詞,サ変接続,6,動き,口語・IT
インターネット,インターネット,名詞,,7,もの・こと,内容・構成
引退試合,インタイジアイ,名詞,,7,もの・こと,口語・IT
院長,インチョウ,名詞,呼称,5,もの・こと,長
イントネーション,イントネーション,名詞,,8,もの・こと,音韻
インフルエンザ,インフルエンザ,名詞,,7,もの・こと,病気・体調
引用,インヨウ,名詞,サ変接続,4,動き,言語活動
上,ウエ,名詞,,2,もの・こと,等級・系列
ウェイトレス,ウェイトレス,名詞,,6,もの・こと,口語・IT
植木屋さん,ウエキヤサン,名詞,,6,もの・こと,口語・IT
Ｗｅｂ,ウェブ,名詞,,3,もの・こと,口語・IT
Ｗｅｂサイト,ウェブサイト,名詞,,6,もの・こと,口語・IT
魚市場,ウオイチバ,名詞,,5,もの・こと,事務所・市場・駅など
雨季,ウキ,名詞,,2,もの・こと,季節
請負,ウケオイ,名詞,,4,もの・こと,事業・業務
受け口,ウケグチ,名詞,,4,もの・こと,頭・目鼻・顔
受け答え,ウケコタエ,名詞,引用,5,もの・こと,問答
受付,ウケツケ,名詞,,4,もの・こと,現場
動き,ウゴキ,名詞,,3,もの・こと,作用・変化
後ろ,ウシロ,名詞,,3,もの・こと,左右・前後・たてよこ
後ろ足,ウシロアシ,名詞,,5,もの・こと,手足・指
後ろ姿,ウシロスガタ,名詞,,6,もの・こと,形・型・姿・構え
薄い,ウスイ,形容詞,,3,状態,弛緩・粗密・繁簡
薄気味悪い,ウスキミワルイ,形容詞,,7,状態,恐れ・怒り・悔しさ
薄暗い,ウスグライ,形容詞,,5,状態,光
薄暗がり,ウスクラガリ,名詞,,6,もの・こと,光
薄目,ウスメ,名詞,,3,もの・こと,見る
ウソ,ウソ,名詞,,2,もの・こと,良不良・適不適
嘘,ウソ,名詞,,2,もの・こと,良不良・適不適
うたい文句,ウタイモンク,名詞,,6,もの・こと,表現
疑い,ウタガイ,名詞,引用,4,もの・こと,思考・意見・疑い
宴,ウタゲ,名詞,,3,もの・こと,集会
ウチ,ウチ,名詞,,2,もの・こと,当たり・打ちなど
うち,ウチ,名詞,,2,もの・こと,途中・盛り
打ち合わせ,ウチアワセ,名詞,,5,もの・こと,会議・論議
内側,ウチガワ,名詞,,4,もの・こと,面・側・表裏
内訳,ウチワケ,名詞,,4,もの・こと,値・額
美しい,ウツクシイ,形容詞,,5,状態,美醜
訴え,ウッタエ,名詞,引用,4,もの・こと,裁判
現,ウツツ,名詞,,3,もの・こと,飢渇・酔い・疲労・睡眠など
打って付け,ウッテツケ,名詞,形容,5,状態,良不良・適不適
鬱陶しい,ウットウシイ,形容詞,,6,状態,苦悩・悲哀
移り変わり,ウツリカワリ,名詞,,6,もの・こと,作用・変化
腕,ウデ,名詞,,2,もの・こと,才能
うまい,ウマイ,形容詞,,3,状態,良不良・適不適
海,ウミ,名詞,,2,もの・こと,海・島
裏,ウラ,名詞,,2,もの・こと,範囲・席・跡
裏切り,ウラギリ,名詞,,4,もの・こと,約束
裏口,ウラグチ,名詞,連体,4,もの・こと,穴・口
裏手,ウラテ,名詞,,3,もの・こと,面・側・表裏
羨ましい,ウラヤマシイ,形容詞,,6,状態,趣・調子
売り場,ウリバ,名詞,,3,もの・こと,空間・場所
うるさい,ウルサイ,形容詞,,4,状態,苦悩・悲哀
嬉しい,ウレシイ,形容詞,,4,状態,快・喜び
ウレタン,ウレタン,名詞,,4,もの・こと,ゴム・のり・油など
うろ覚え,ウロオボエ,名詞,,5,もの・こと,学習・習慣・記憶
上顎,ウワアゴ,名詞,,4,もの・こと,頭・目鼻・顔
噂,ウワサ,名詞,サ変接続,3,動き,伝達・報知
右腕,ウワン,名詞,,3,もの・こと,相対的地位
雲散霧消,ウンサンムショウ,名詞,サ変接続,8,動き,消滅
蘊蓄,ウンチク,名詞,,4,もの・こと,知・知識
運転,ウンテン,名詞,サ変接続,4,動き,動き
運動会,ウンドウカイ,名詞,,6,もの・こと,集会
云々,ウンヌン,名詞,サ変接続,4,動き,こそあど・他
エアコン,エアコン,名詞,,4,もの・こと,技術・設備・修理
永遠,エイエン,名詞,時 連用,4,もの・こと,永久・一生
映画,エイガ,名詞,,3,もの・こと,演劇・映画
映画館,エイガカン,名詞,,5,もの・こと,店・旅館・病院・劇場など
Ａ型,エイガタ,名詞,文字,4,もの・こと,口語・IT
影響,エイキョウ,名詞,サ変接続,5,動き,因果
営業,エイギョウ,名詞,サ変接続,5,動き,事業・業務
営業マン,エイギョウマン,名詞,,7,もの・こと,口語・IT
英語,エイゴ,名詞,,3,もの・こと,言語
映像,エイゾウ,名詞,サ変接続,4,動き,光
ＨＰ,エイチピー,名詞,,5,もの・こと,口語・IT
栄養,エイヨウ,名詞,,4,もの・こと,生物
液,エキ,名詞,,2,もの・こと,物体・物質
駅,エキ,名詞,,2,もの・こと,事務所・市場・駅など
液体,エキタイ,名詞,,4,もの・こと,物体・物質
駅伝,エキデン,名詞,,4,もの・こと,運輸
疫病,エキビョウ,名詞,,5,もの・こと,病気・体調
駅前,エキマエ,名詞,,4,もの・こと,左右・前後・たてよこ
餌,エサ,名詞,,2,もの・こと,食料
壊死,エシ,名詞,,2,もの・こと,専門的・技術的職業
エスカレーター,エスカレーター,名詞,,7,もの・こと,乗り物（陸上）
エスケープ,エスケープ,名詞,サ変接続,5,動き,連れ・導き・追い・逃げなど
えっち,エッチ,名詞,形容,3,状態,文化・歴史・風俗
エディター,エディター,名詞,,5,もの・こと,口語・IT
ＮＰＯ,エヌピーオー,名詞,,6,もの・こと,口語・IT
エネルギー,エネルギー,名詞,,5,もの・こと,力
エピソード,エピソード,名詞,,5,もの・こと,話・談話
エプロン,エプロン,名詞,,4,もの・こと,ネクタイ・帯・手袋・靴下など
エポック,エポック,名詞,,4,もの・こと,時代
絵本,エホン,名詞,連体,3,もの・こと,文献・図書
エラー,エラー,名詞,サ変接続,3,動き,成功・失敗
Ｌ字,エルジ,名詞,文字,3,もの・こと,口語・IT
エレベーター,エレベーター,名詞,,6,もの・こと,乗り物（陸上）
遠因,エンイン,名詞,,4,もの・こと,因果
演歌,エンカ,名詞,,3,もの・こと,音楽
宴会,エンカイ,名詞,,4,もの・こと,集会
延期,エンキ,名詞,サ変接続,3,動き,順序
演技,エンギ,名詞,サ変接続,3,動き,才能
遠近,エンキン,名詞,連体,4,もの・こと,長短・高低・深浅・厚薄・遠近
演劇,エンゲキ,名詞,,4,もの・こと,演劇・映画
援護,エンゴ,名詞,サ変接続,3,動き,攻防
演者,エンジャ,名詞,,4,もの・こと,その他の仕手
演出,エンシュツ,名詞,サ変接続,5,動き,演劇・映画
宴席,エンセキ,名詞,,4,もの・こと,現場
演説,エンゼツ,名詞,サ変接続,4,動き,話・談話
遠足,エンソク,名詞,,4,もの・こと,旅・行楽
園長,エンチョウ,名詞,呼称,5,もの・こと,長
延長,エンチョウ,名詞,サ変接続,5,動き,伸縮
副園長,エンチョウ,名詞,呼称,5,もの・こと,伸縮
縁の下,エンノシタ,名詞,連体,5,もの・こと,上下
鉛筆,エンピツ,名詞,,4,もの・こと,文具
遠方,エンポウ,名詞,,4,もの・こと,ふち・そば・まわり・沿い
延命,エンメイ,名詞,サ変接続,4,動き,生
遠来,エンライ,名詞,,4,もの・こと,往復
遠慮,エンリョ,名詞,サ変接続,4,動き,自信・誇り・恥・反省
甥,オイ,名詞,,2,もの・こと,老少
おいしい,オイシイ,形容詞,,4,状態,味
老い,オイ,名詞,,2,もの・こと,老少
応援,オウエン,名詞,サ変接続,4,動き,救護・救援
応急,オウキュウ,名詞,連体,5,もの・こと,時機・時刻
応急的,オウキュウテキ,名詞,連体 形容,7,状態,口語・IT
応酬,オウシュウ,名詞,サ変接続,5,動き,問答
往診,オウシン,名詞,サ変接続,4,動き,医療
旺盛,オウセイ,名詞,形容,4,状態,作用・変化
応対,オウタイ,名詞,サ変接続,4,動き,応接・送迎
横断歩道,オウダンホドウ,名詞,,7,もの・こと,道路・橋
横断幕,オウダンマク,名詞,,6,もの・こと,戸・カーテン・敷物・畳など
横着,オウチャク,名詞,サ変接続,5,動き,信念・努力・忍耐
嗚咽,オエツ,名詞,サ変接続,3,動き,表情・態度
多い,オオイ,形容詞,,3,状態,多少
覆い,オオイ,名詞,,3,もの・こと,包み・覆いなど
大柄,オオガラ,名詞,形容,4,状態,模様・目
大きい,オオキイ,形容詞,,4,状態,新旧・遅速
大きめ,オオキメ,名詞,形容,4,状態,口語・IT
大仰,オオギョウ,名詞,形容,5,状態,言語活動
ＯＫ,オーケー,名詞,サ変接続,4,動き,賛否
大袈裟,オオゲサ,名詞,形容,4,状態,言語活動
大阪,オオサカ,名詞,固有 地 組織 人名,4,もの・こと,口語・IT
大騒ぎ,オオサワギ,名詞,サ変接続,5,動き,いたずら・騒ぎ
大勢,オオゼイ,名詞,連用,4,もの・こと,様相・情勢
大手,オオテ,名詞,連体,3,もの・こと,多少
大判,オオバン,名詞,連体,4,もの・こと,形・型・姿・構え
大晦日,オオミソカ,名詞,時 連用,5,もの・こと,節・節日
大昔,オオムカシ,名詞,時 連用,5,もの・こと,過去
大わらわ,オオワラワ,名詞,形容,5,状態,信念・努力・忍耐
おかしい,オカシイ,形容詞,,4,状態,特徴
奥深い,オクブカイ,形容詞,,5,状態,長短・高低・深浅・厚薄・遠近
厳か,オゴソカ,名詞,形容,4,状態,人生・禍福
幼い,オサナイ,形容詞,,4,状態,新旧・遅速
お辞儀,オジギ,名詞,サ変接続,3,動き,合図・挨拶
お喋り,オシャベリ,名詞,形容,5,状態,人物
おせっかい,オセッカイ,名詞,形容,5,状態,仲介
遅い,オソイ,形容詞,,3,状態,新旧・遅速
恐ろしい,オソロシイ,形容詞,,5,状態,程度
穏やか,オダヤカ,名詞,形容,4,状態,難易・安危
お茶目,オチャメ,名詞,形容,4,状態,人柄
億劫,オックウ,名詞,形容,4,状態,苦悩・悲哀
おっちょこちょい,オッチョコチョイ,名詞,形容,8,状態,人物
一昨日,オトトイ,名詞,時 連用,4,もの・こと,過去
夥しい,オビタダシイ,形容詞,,6,状態,多少
お二人,オフタリ,名詞,連用,4,もの・こと,口語・IT
覚え,オボエ,名詞,引用,3,もの・こと,学習・習慣・記憶
朧,オボロ,名詞,形容,3,状態,魚・肉
朧気,オボロゲ,名詞,形容,4,状態,詳細・正確・不思議
重い,オモイ,形容詞,,3,状態,軽重
思いがけない,オモイガケナイ,形容詞,,7,状態,判断・推測・評価
思い込み,オモイコミ,名詞,引用,5,もの・こと,思考・意見・疑い
思いつき,オモイツキ,名詞,引用,5,もの・こと,思考・意見・疑い
思い出,オモイデ,名詞,連体,4,もの・こと,学習・習慣・記憶
思いやり,オモイヤリ,名詞,引用,5,もの・こと,好悪・愛憎
思い,オモイ,名詞,引用,3,もの・こと,思考・意見・疑い
おもしろい,オモシロイ,形容詞,,5,状態,快・喜び
思わしくない,オモワシクナイ,形容詞,,7,状態,口語・IT
親子,オヤコ,名詞,連体,3,もの・こと,家族
親指,オヤユビ,名詞,連体,4,もの・こと,手足・指
折,オリ,名詞,時 連用,2,もの・こと,時機・時刻
オリジナル,オリジナル,名詞,形容,5,状態,創作・著述
お礼,オレイ,名詞,サ変接続,3,動き,敬意・感謝・信頼など
音痴,オンチ,名詞,形容,3,状態,注意・認知・了解
温和,オンワ,名詞,形容,3,状態,寒暖
かいい,カイイ,形容詞,,3,状態,調和・混乱
会員,カイイン,名詞,呼称,4,もの・こと,成員・職
会員だより,カイインダヨリ,名詞,呼称,7,もの・こと,口語・IT
開演,カイエン,名詞,サ変接続,4,動き,開始
開会,カイカイ,名詞,サ変接続,4,動き,開始
海外,カイガイ,名詞,連体,4,もの・こと,内外
開業,カイギョウ,名詞,サ変接続,5,動き,開始
皆勤,カイキン,名詞,サ変接続,4,動き,労働・作業・休暇
会計,カイケイ,名詞,サ変接続,4,動き,測定・計算
解決,カイケツ,名詞,サ変接続,4,動き,決心・解決・決定・迷い
懐古,カイコ,名詞,サ変接続 引用,3,動き,好悪・愛憎
介護,カイゴ,名詞,サ変接続,3,動き,救護・救援
開口一番,カイコウイチバン,名詞,連用,8,もの・こと,終始
開催,カイサイ,名詞,サ変接続,4,動き,開始
介在,カイザイ,名詞,サ変接続,4,動き,存在
改札,カイサツ,名詞,サ変接続,4,動き,研究・試験・調査・検査など
改竄,カイザン,名詞,サ変接続,4,動き,作用・変化
解釈,カイシャク,名詞,サ変接続 引用,5,動き,注意・認知・了解
回収,カイシュウ,名詞,サ変接続,5,動き,取得
開設,カイセツ,名詞,サ変接続,4,動き,開始
改善,カイゼン,名詞,サ変接続,4,動き,作用・変化
会葬,カイソウ,名詞,サ変接続,4,動き,行事・式典・宗教的行事
回想,カイソウ,名詞,サ変接続,4,動き,学習・習慣・記憶
快調,カイチョウ,名詞,形容,5,状態,趣・調子
ガイド,ガイド,名詞,サ変接続,3,動き,サービス
介入,カイニュウ,名詞,サ変接続,5,動き,入り・入れ
開発,カイハツ,名詞,サ変接続,4,動き,生産・産業
快復,カイフク,名詞,サ変接続,4,動き,病気・体調
開放,カイホウ,名詞,サ変接続,4,動き,開閉・封
解剖,カイボウ,名詞,サ変接続,4,動き,医療
解明,カイメイ,名詞,サ変接続 引用,4,動き,研究・試験・調査・検査など
買い物,カイモノ,名詞,サ変接続,4,動き,売買
解約,カイヤク,名詞,サ変接続,4,動き,約束
外来,ガイライ,名詞,連体,4,もの・こと,往復
会話,カイワ,名詞,サ変接続,3,動き,話・談話
帰りがけ,カエリガケ,名詞,連用,5,もの・こと,時機・時刻
画家,ガカ,名詞,呼称,2,もの・こと,専門的・技術的職業
科学,カガク,名詞,サ変接続,3,動き,学問・学科
科学的,カガクテキ,名詞,形容,5,状態,意味・問題・趣旨など
欠かせない,カカセナイ,形容詞,,5,状態,口語・IT
夏期,カキ,名詞,時 連用 連体,2,もの・こと,期間
書き込み,カキコミ,名詞,引用,4,もの・こと,書き
書留,カキトメ,名詞,サ変接続,4,動き,通信
覚悟,カクゴ,名詞,サ変接続,3,動き,決心・解決・決定・迷い
学者,ガクシャ,名詞,呼称,4,もの・こと,人物
拡充,カクジュウ,名詞,サ変接続,5,動き,伸縮
確信,カクシン,名詞,サ変接続,4,動き,思考・意見・疑い
覚醒,カクセイ,名詞,サ変接続,4,動き,飢渇・酔い・疲労・睡眠など
学生,ガクセイ,名詞,連体,4,もの・こと,学徒
格闘,カクトウ,名詞,サ変接続,4,動き,手足の動作
確認,カクニン,名詞,サ変接続,4,動き,注意・認知・了解
確保,カクホ,名詞,サ変接続,3,動き,所有
確約,カクヤク,名詞,サ変接続,4,動き,約束
加減,カゲン,名詞,サ変接続,3,動き,趣・調子
過去,カコ,名詞,時 連用,2,もの・こと,過去
過酷,カコク,名詞,形容,3,状態,待遇・礼など
カサカサ,カサカサ,名詞,形容,4,状態,音
過失,カシツ,名詞,サ変接続,3,動き,成功・失敗
過剰,カジョウ,名詞,形容,4,状態,過不足
数々,カズカズ,名詞,連用,4,もの・こと,弛緩・粗密・繁簡
加速,カソク,名詞,サ変接続,3,動き,増減・補充
かたい,カタイ,形容詞,,3,状態,材質
肩代わり,カタガワリ,名詞,サ変接続,5,動き,本体・代理
ガチガチ,ガチガチ,名詞,形容,4,状態,人柄
喝采,カッサイ,名詞,サ変接続,4,動き,賞罰
勝手,カッテ,名詞,形容,3,状態,趣・調子
カット,カット,名詞,サ変接続,3,動き,除去
活動,カツドウ,名詞,サ変接続,4,動き,動き
活発,カッパツ,名詞,形容,4,状態,作用・変化
闊歩,カッポ,名詞,サ変接続,3,動き,走り・飛び・流れなど
活躍,カツヤク,名詞,サ変接続,4,動き,動き
大活躍,ダイカツヤク,名詞,サ変接続,6,動き,口語・IT
悲しい,カナシイ,形容詞,,4,状態,苦悩・悲哀
かな入力,カナニュウリョク,名詞,サ変接続,8,動き,口語・IT
可能性,カノウセイ,名詞,連体,5,もの・こと,性質
カバー,カバー,名詞,サ変接続,3,動き,異同・類似
鎌倉,カマクラ,名詞,固有 地 組織 人名,4,もの・こと,行事・式典・宗教的行事
我慢,ガマン,名詞,サ変接続,3,動き,信念・努力・忍耐
仮眠,カミン,名詞,サ変接続,3,動き,飢渇・酔い・疲労・睡眠など
寡黙,カモク,名詞,形容,3,状態,言語活動
痒い,カユイ,形容詞,,3,状態,感覚
火曜日,カヨウビ,名詞,時 連用,4,もの・こと,週・週日
がらがら,ガラガラ,名詞,形容,4,状態,遊具・置物・像など
空振り,カラブリ,名詞,サ変接続,4,動き,スポーツ
空回り,カラマワリ,名詞,サ変接続,5,動き,動揺・回転
軽い,カルイ,形容詞,,3,状態,軽重
華麗,カレイ,名詞,形容,3,状態,美醜
軽やか,カロヤカ,名詞,形容,4,状態,軽重
かわいい,カワイイ,形容詞,,4,状態,好悪・愛憎
簡易,カンイ,名詞,形容,3,状態,難易・安危
考え,カンガエ,名詞,引用,4,もの・こと,思考・意見・疑い
感覚,カンカク,名詞,サ変接続,4,動き,感覚
環境,カンキョウ,名詞,連体,5,もの・こと,場合
関係,カンケイ,名詞,サ変接続,4,動き,関係
観劇,カンゲキ,名詞,サ変接続,4,動き,見る
韓国,カンコク,名詞,固有 地,4,もの・こと,固有地名
看護婦,カンゴフ,名詞,呼称,4,もの・こと,専門的・技術的職業
関西,カンサイ,名詞,固有 地 組織 人名,4,もの・こと,固有地名
監視,カンシ,名詞,サ変接続,3,動き,見る
感傷,カンショウ,名詞,連体,5,もの・こと,苦悩・悲哀
感じ,カンジ,名詞,引用,3,もの・こと,感覚
感心,カンシン,名詞,サ変接続,4,動き,感動・興奮
肝心,カンジン,名詞,形容,4,状態,意味・問題・趣旨など
肝心要,カンジンカナメ,名詞,形容,7,状態,意味・問題・趣旨など
完成,カンセイ,名詞,サ変接続,4,動き,成立
観戦,カンセン,名詞,サ変接続,4,動き,見る
完全,カンゼン,名詞,形容,4,状態,難易・安危
乾燥,カンソウ,名詞,サ変接続,4,動き,水・乾湿
甲高い,カンダカイ,形容詞,,5,状態,音
簡単,カンタン,名詞,形容,4,状態,弛緩・粗密・繁簡
元旦,ガンタン,名詞,時 連用,4,もの・こと,節・節日
感動,カンドウ,名詞,サ変接続,4,動き,感動・興奮
観念,カンネン,名詞,サ変接続,4,動き,信仰・宗教
カンボジア,カンボジア,名詞,固有 地,5,もの・こと,固有地名
緩慢,カンマン,名詞,形容,4,状態,速度
勧誘,カンユウ,名詞,サ変接続,4,動き,命令・制約・服従
管理,カンリ,名詞,サ変接続,3,動き,運営
関連,カンレン,名詞,サ変接続,4,動き,関係
黄色,キイロ,名詞,形容,3,状態,色
黄色い,キイロイ,形容詞,,4,状態,色
記憶,キオク,名詞,サ変接続,3,動き,学習・習慣・記憶
着替え,キガエ,名詞,サ変接続,3,動き,衣生活
企画,キカク,名詞,サ変接続,3,動き,計画・案
祈願,キガン,名詞,サ変接続,3,動き,欲望・期待・失望
聞き違い,キキチガイ,名詞,引用,5,もの・こと,論理・証明・偽り・誤り・訂正など
聞き違え,キキチガエ,名詞,引用,5,もの・こと,論理・証明・偽り・誤り・訂正など
帰京,キキョウ,名詞,サ変接続,4,動き,往復
危険,キケン,名詞,形容 連体,3,状態,難易・安危
ギザギザ,ギザギザ,名詞,形容,4,状態,模様・目
気さく,キサク,名詞,形容,3,状態,人柄
議事,ギジ,名詞,サ変接続,2,動き,意味・問題・趣旨など
奇跡,キセキ,名詞,連体,3,もの・こと,事柄
帰属,キゾク,名詞,サ変接続,3,動き,連絡・所属
期待,キタイ,名詞,サ変接続 引用,3,動き,欲望・期待・失望
帰宅,キタク,名詞,サ変接続,3,動き,往復
汚い,キタナイ,形容詞,,4,状態,美醜
貴重,キチョウ,名詞,形容,4,状態,経済・収支
きつい,キツイ,形容詞,,3,状態,弛緩・粗密・繁簡
気遣い,キヅカイ,名詞,引用,4,もの・こと,好悪・愛憎
記念,キネン,名詞,サ変接続,3,動き,学習・習慣・記憶
機能,キノウ,名詞,サ変接続,3,動き,作用・変化
昨日,キノウ,名詞,時 連用,3,もの・こと,過去
昨日今日,キノウキョウ,名詞,時 連用,6,もの・こと,過去
気の毒,キノドク,名詞,形容,4,状態,好悪・愛憎
希薄,キハク,名詞,形容,3,状態,材質
忌避,キヒ,名詞,サ変接続,2,動き,防止・妨害・回避
厳しい,キビシイ,形容詞,,4,状態,難易・安危
寄付,キフ,名詞,サ変接続,2,動き,授受
気分的,キブンテキ,名詞,形容,5,状態,口語・IT
希望,キボウ,名詞,サ変接続,3,動き,欲望・期待・失望
基本的,キホンテキ,名詞,形容,5,状態,真偽・是非
気まぐれ,キマグレ,名詞,形容,4,状態,意志
決まり,キマリ,名詞,引用,3,もの・こと,決心・解決・決定・迷い
気持ち悪い,キモチワルイ,形容詞,,6,状態,口語・IT
逆襲,ギャクシュウ,名詞,サ変接続,6,動き,攻防
大逆転,ギャクテン,名詞,サ変接続,5,動き,作用・変化
華奢,キャシャ,名詞,形容,4,状態,力
客観的,キャッカンテキ,名詞,形容,7,状態,意味・問題・趣旨など
キャンセル,キャンセル,名詞,サ変接続,5,動き,除去
キャンプ,キャンプ,名詞,サ変接続,4,動き,教室・兵営など
急,キュウ,名詞,形容,3,状態,難易・安危
急激,キュウゲキ,名詞,形容,5,状態,速度
急死,キュウシ,名詞,サ変接続,4,動き,死
休日,キュウジツ,名詞,時 連用 連体,5,もの・こと,日
九州,キュウシュウ,名詞,固有 地 組織,6,もの・こと,固有地名
求人広告,キュウジンコウコク,名詞,サ変接続,9,動き,口語・IT
急性,キュウセイ,名詞,連体,5,もの・こと,性質
急逝,キュウセイ,名詞,サ変接続,5,動き,死
旧年来,キュウネンライ,名詞,時 連用,7,もの・こと,口語・IT
急変,キュウヘン,名詞,サ変接続,5,動き,作用・変化
救命,キュウメイ,名詞,サ変接続,5,動き,救護・救援
清い,キヨイ,形容詞,,3,状態,美醜
今日,キョウ,名詞,時 連用,3,もの・こと,現在
教育,キョウイク,名詞,サ変接続,5,動き,才能
仰々しい,ギョウギョウシイ,形容詞,,8,状態,言語活動
教唆,キョウサ,名詞,サ変接続,4,動き,命令・制約・服従
凝視,ギョウシ,名詞,サ変接続,4,動き,見る
強制,キョウセイ,名詞,サ変接続,5,動き,命令・制約・服従
矯正,キョウセイ,名詞,サ変接続,5,動き,教育・養成
共存,キョウゾン,名詞,サ変接続,5,動き,成立
共通,キョウツウ,名詞,サ変接続,5,動き,異同・類似
京都,キョウト,名詞,固有 地 組織,4,もの・こと,人物
教諭,キョウユ,名詞,呼称,4,もの・こと,専門的・技術的職業
協力,キョウリョク,名詞,サ変接続,6,動き,協力・参加
強烈,キョウレツ,名詞,形容,5,状態,力
行列,ギョウレツ,名詞,サ変接続,5,動き,配列・排列
許可,キョカ,名詞,サ変接続,3,動き,賛否
巨大,キョダイ,名詞,形容,4,状態,広狭・大小
曲解,キョッカイ,名詞,サ変接続,5,動き,注意・認知・了解
去年,キョネン,名詞,時 連用,4,もの・こと,過去
拒否,キョヒ,名詞,サ変接続,3,動き,賛否
嫌い,キライ,名詞,形容,3,状態,様相・情勢
気楽,キラク,名詞,形容,3,状態,安心・焦燥・満足
きれい,キレイ,名詞,形容,3,状態,調和・混乱
記録,キロク,名詞,サ変接続,3,動き,値・額
禁煙,キンエン,名詞,サ変接続,4,動き,自信・誇り・恥・反省
近所付き合い,キンジョヅキアイ,名詞,サ変接続,8,動き,口語・IT
緊張,キンチョウ,名詞,サ変接続,5,動き,弛緩・粗密・繁簡
均等,キントウ,名詞,形容,4,状態,調和・混乱
近年,キンネン,名詞,時 連用,4,もの・こと,過去
勤務,キンム,名詞,サ変接続,3,動き,労働・作業・休暇
金曜,キンヨウ,名詞,時 連用,4,もの・こと,週・週日
金曜日,キンヨウビ,名詞,時 連用,5,もの・こと,週・週日
悔い,クイ,名詞,引用,2,もの・こと,自信・誇り・恥・反省
大空襲,ダイクウシュウ,名詞,サ変接続,7,動き,口語・IT
空白,クウハク,名詞,連体,4,もの・こと,消滅
クール,クール,名詞,形容,3,状態,寒暖
区画,クカク,名詞,サ変接続,3,動き,範囲・席・跡
釘付け,クギヅケ,名詞,サ変接続,4,動き,接近・接触・隔離
具現化,グゲンカ,名詞,サ変接続,4,動き,口語・IT
臭い,クサイ,形容詞,,3,状態,詳細・正確・不思議
駆除,クジョ,名詞,サ変接続,3,動き,除去
苦笑,クショウ,名詞,サ変接続,4,動き,表情・態度
具体的,グタイテキ,名詞,形容,5,状態,存在
件,クダン,名詞,形容 連体,3,状態,事柄
口うるさい,クチウルサイ,形容詞,,6,状態,言語活動
口調,クチョウ,名詞,連体,4,もの・こと,趣・調子
屈折,クッセツ,名詞,サ変接続,4,動き,成形・変形
区分,クブン,名詞,サ変接続,3,動き,比較・参考・区別・選択
区別,クベツ,名詞,サ変接続,3,動き,異同・類似
熊本,クマモト,名詞,固有 地 組織 人名,4,もの・こと,口語・IT
暗い,クライ,形容詞,,3,状態,光
クリスチャン,クリスチャン,名詞,連体,6,もの・こと,人物
車,クルマ,名詞,形容,3,状態,輪・車・棒・管など
暮れ,クレ,名詞,時 連用,2,もの・こと,節・節日
グレイ,グレイ,名詞,形容,3,状態,口語・IT
黒い,クロイ,形容詞,,3,状態,色
クローズアップ,クローズアップ,名詞,サ変接続,7,動き,練り・塗り・撃ち・録音・撮影
詳しい,クワシイ,形容詞,,4,状態,詳細・正確・不思議
ケア,ケア,名詞,サ変接続,2,動き,救護・救援
経過,ケイカ,名詞,サ変接続,3,動き,進行・過程・経由
警戒,ケイカイ,名詞,サ変接続,4,動き,注意・認知・了解
経験,ケイケン,名詞,サ変接続,4,動き,学習・習慣・記憶
経験豊富,ケイケンホウフ,名詞,形容,7,状態,口語・IT
掲載,ケイサイ,名詞,サ変接続,4,動き,出版・放送
計算,ケイサン,名詞,サ変接続,4,動き,測定・計算
刑事,ケイジ,名詞,呼称,3,もの・こと,保安サービス
掲示,ケイジ,名詞,サ変接続,3,動き,固定・傾き・転倒など
軽躁,ケイソウ,名詞,形容,4,状態,人柄
形態,ケイタイ,名詞,連体,4,もの・こと,形・型・姿・構え
携帯,ケイタイ,名詞,サ変接続,4,動き,手足の動作
契約,ケイヤク,名詞,サ変接続,4,動き,約束
外科,ゲカ,名詞,連体,2,もの・こと,医療
劇,ゲキ,名詞,連体,2,もの・こと,演劇・映画
今朝,ケサ,名詞,時 連用,2,もの・こと,現在
化粧,ケショウ,名詞,サ変接続,4,動き,保健・衛生
気だるい,ケダルイ,形容詞,,4,状態,飢渇・酔い・疲労・睡眠など
血液型,ケツエキガタ,名詞,連体,6,もの・こと,類・例
結果,ケッカ,名詞,連用,3,もの・こと,因果
月刊,ゲッカン,名詞,連体,4,もの・こと,出版・放送
欠勤,ケッキン,名詞,サ変接続,4,動き,労働・作業・休暇
結構,ケッコウ,名詞,形容,4,状態,内容・構成
結婚,ケッコン,名詞,サ変接続,4,動き,冠婚
欠損,ケッソン,名詞,サ変接続,4,動き,破壊
結末,ケツマツ,名詞,時 連用,4,もの・こと,因果
月曜日,ゲツヨウビ,名詞,時 連用,5,もの・こと,週・週日
決裂,ケツレツ,名詞,サ変接続,4,動き,分割・分裂・分散
結論,ケツロン,名詞,サ変接続,4,動き,決心・解決・決定・迷い
懸念,ケネン,名詞,サ変接続,3,動き,安心・焦燥・満足
下痢,ゲリ,名詞,サ変接続,2,動き,病気・体調
権威,ケンイ,名詞,連体,3,もの・こと,人物
現役,ゲンエキ,名詞,連体,4,もの・こと,相対的地位
喧嘩,ケンカ,名詞,サ変接続,3,動き,政治的区画
限界,ゲンカイ,名詞,連体,4,もの・こと,境・間
見学,ケンガク,名詞,サ変接続,4,動き,学習・習慣・記憶
元気,ゲンキ,名詞,形容,3,状態,心
研究,ケンキュウ,名詞,サ変接続,5,動き,研究・試験・調査・検査など
健康,ケンコウ,名詞,形容 連体,4,状態,病気・体調
健康診断,ケンコウシンダン,名詞,サ変接続,8,動き,医療
検査,ケンサ,名詞,サ変接続,3,動き,研究・試験・調査・検査など
再検査,サイケンサ,名詞,サ変接続,5,動き,口語・IT
現在,ゲンザイ,名詞,時 連用,4,もの・こと,現在
現実,ゲンジツ,名詞,連体,4,もの・こと,真偽・是非
現実離れ,ゲンジツバナレ,名詞,サ変接続,7,動き,口語・IT
厳粛,ゲンシュク,名詞,形容,5,状態,人生・禍福
現状,ゲンジョウ,名詞,連体,5,もの・こと,様相・情勢
現状維持,ゲンジョウイジ,名詞,サ変接続,7,動き,保存
検診,ケンシン,名詞,サ変接続,4,動き,医療
幻想,ゲンソウ,名詞,サ変接続,4,動き,判断・推測・評価
献体,ケンタイ,名詞,サ変接続,4,動き,授受
現代,ゲンダイ,名詞,時 連用 連体,4,もの・こと,時代
検定,ケンテイ,名詞,サ変接続,4,動き,研究・試験・調査・検査など
限定,ゲンテイ,名詞,サ変接続,4,動き,限定・優劣
見当,ケントウ,名詞,サ変接続,4,動き,判断・推測・評価
懸命,ケンメイ,名詞,形容,4,状態,信念・努力・忍耐
濃い,コイ,形容詞,,2,状態,弛緩・粗密・繁簡
高圧,コウアツ,名詞,連体,4,もの・こと,弾力・動力・圧力など
講演,コウエン,名詞,サ変接続,4,動き,話・談話
高価,コウカ,名詞,形容,3,状態,価格・費用
豪華,ゴウカ,名詞,形容,3,状態,文化・歴史・風俗
後悔,コウカイ,名詞,サ変接続,4,動き,自信・誇り・恥・反省
公開,コウカイ,名詞,サ変接続,4,動き,伝達・報知
合格,ゴウカク,名詞,サ変接続,4,動き,調和・混乱
交換,コウカン,名詞,サ変接続,4,動き,変換・交換
攻撃,コウゲキ,名詞,サ変接続,4,動き,批評・弁解
講師,コウシ,名詞,呼称,3,もの・こと,専門的・技術的職業
工事,コウジ,名詞,サ変接続,3,動き,建設・土木
講習,コウシュウ,名詞,サ変接続,5,動き,学習・習慣・記憶
高周波,コウシュウハ,名詞,連体,6,もの・こと,エネルギー
交渉,コウショウ,名詞,サ変接続,5,動き,交わり
校正,コウセイ,名詞,サ変接続,4,動き,作用・変化
構成,コウセイ,名詞,サ変接続,4,動き,成立
高速,コウソク,名詞,形容 連体,4,状態,速度
後続,コウゾク,名詞,サ変接続,4,動き,連続・反復
硬直,コウチョク,名詞,サ変接続,5,動き,作用・変化
高度,コウド,名詞,形容,3,状態,長短・高低・深浅・厚薄・遠近
行動,コウドウ,名詞,サ変接続,4,動き,行為・活動
後半,コウハン,名詞,時 連用 連体,4,もの・こと,順序
広範囲,コウハンイ,名詞,形容,5,状態,範囲・席・跡
後部,コウブ,名詞,連体,3,もの・こと,左右・前後・たてよこ
興奮,コウフン,名詞,サ変接続,4,動き,感動・興奮
神戸,コウベ,名詞,固有 地 組織 姓,3,もの・こと,頭・目鼻・顔
後方,コウホウ,名詞,連体,4,もの・こと,左右・前後・たてよこ
巧妙,コウミョウ,名詞,形容,5,状態,才能
拷問,ゴウモン,名詞,サ変接続,4,動き,問答
公約,コウヤク,名詞,サ変接続,4,動き,約束
紅葉,コウヨウ,名詞,サ変接続,4,動き,木本
公立,コウリツ,名詞,連体,4,もの・こと,成立
合理的,ゴウリテキ,名詞,形容,5,状態,意味・問題・趣旨など
合流,ゴウリュウ,名詞,サ変接続,5,動き,合体・出会い・集合など
高齢化,コウレイカ,名詞,サ変接続,5,動き,口語・IT
呼応,コオウ,名詞,サ変接続,3,動き,相対
コーディネート,コーディネート,名詞,サ変接続,7,動き,調節
誤解,ゴカイ,名詞,サ変接続,3,動き,注意・認知・了解
小柄,コガラ,名詞,形容,3,状態,模様・目
小気味よい,コキミヨイ,形容詞,,5,状態,快・喜び
呼吸,コキュウ,名詞,サ変接続,4,動き,趣・調子
酷,コク,名詞,形容,2,状態,待遇・礼など
酷使,コクシ,名詞,サ変接続,3,動き,人事
国粋,コクスイ,名詞,連体,4,もの・こと,特徴
告白,コクハク,名詞,サ変接続,4,動き,報告・申告
午後,ゴゴ,名詞,時 連用,2,もの・こと,朝晩
心地良い,ココチヨイ,形容詞,,5,状態,快・喜び
心得,ココロエ,名詞,引用,4,もの・こと,注意・認知・了解
快い,ココロヨイ,形容詞,,5,状態,快・喜び
後日,ゴジツ,名詞,時 連用,3,もの・こと,未来
故障,コショウ,名詞,サ変接続,4,動き,支障・損じ・荒廃
誤診,ゴシン,名詞,サ変接続,3,動き,医療
個性,コセイ,名詞,連体,3,もの・こと,性質
午前中,ゴゼンチュウ,名詞,連用,6,もの・こと,朝晩
こそばゆい,コソバユイ,形容詞,,5,状態,感覚
答え,コタエ,名詞,引用,3,もの・こと,問答
小高い,コダカイ,形容詞,,4,状態,長短・高低・深浅・厚薄・遠近
ごちそう,ゴチソウ,名詞,サ変接続,4,動き,食生活
ごたまぜ,ゴチャマゼ,名詞,形容,5,状態,調和・混乱
国家,コッカ,名詞,連体,3,もの・こと,国
滑稽,コッケイ,名詞,形容,4,状態,説・論・主義
固定,コテイ,名詞,サ変接続,3,動き,固定・傾き・転倒など
孤独,コドク,名詞,形容,3,状態,一般・全体・部分
今年,コトシ,名詞,時 連用,3,もの・こと,現在
子どもっぽい,コドモッポイ,形容詞,,6,状態,才能
こないだ,コナイダ,名詞,時 連用,4,もの・こと,過去
この先,コノサキ,名詞,連用 指示,4,もの・こと,口語・IT
この時,コノトキ,名詞,時 連用 指示,4,もの・こと,口語・IT
このへん,コノヘン,名詞,連用 指示,4,もの・こと,空間・場所
このまま,コノママ,名詞,連用 指示,4,もの・こと,こそあど・他
小振り,コブリ,名詞,形容,3,状態,広狭・大小
個別,コベツ,名詞,連体,3,もの・こと,一般・全体・部分
細かい,コマカイ,形容詞,,4,状態,弛緩・粗密・繁簡
ごめん,ゴメン,名詞,形容,3,状態,好悪・愛憎
コメント,コメント,名詞,サ変接続 引用,4,動き,批評・弁解
顧問,コモン,名詞,呼称,3,もの・こと,その他の仕手
古来,コライ,名詞,連用,3,もの・こと,過去
ご覧,ゴラン,名詞,サ変接続,3,動き,見る
これから,コレカラ,名詞,時 連用 指示,4,もの・こと,未来
怖い,コワイ,形容詞,,3,状態,力
懇意,コンイ,名詞,形容,3,状態,好悪・愛憎
今回,コンカイ,名詞,時 連用,4,もの・こと,現在
今後,コンゴ,名詞,時 連用,3,もの・こと,未来
今週中,コンシュウチュウ,名詞,時 連用,8,もの・こと,口語・IT
根性,コンジョウ,名詞,連体,5,もの・こと,心
根治,コンチ,名詞,サ変接続,3,動き,病気・体調
今度,コンド,名詞,時 連用,3,もの・こと,現在
混同,コンドウ,名詞,サ変接続,4,動き,比較・参考・区別・選択
コントロール,コントロール,名詞,サ変接続,6,動き,スポーツ
今夜,コンヤ,名詞,時 連用,3,もの・こと,現在
混乱,コンラン,名詞,サ変接続,4,動き,調和・混乱
困惑,コンワク,名詞,サ変接続,4,動き,苦悩・悲哀
サービス,サービス,名詞,サ変接続,4,動き,増減・補充
最悪,サイアク,名詞,形容,4,状態,良不良・適不適
再会,サイカイ,名詞,サ変接続,4,動き,応接・送迎
再開,サイカイ,名詞,サ変接続,4,動き,開始
最近,サイキン,名詞,時 連用,4,もの・こと,過去
細工,サイク,名詞,サ変接続,3,動き,芸術・美術
最期,サイゴ,名詞,時 連用 連体,3,もの・こと,終始
最後,サイゴ,名詞,時 連用 連体,3,もの・こと,終始
最終的,サイシュウテキ,名詞,形容,7,状態,口語・IT
最初,サイショ,名詞,時 連用 連体,4,もの・こと,終始
再生,サイセイ,名詞,サ変接続,4,動き,発生・復活
最前,サイゼン,名詞,時 連用,4,もの・こと,過去
最大,サイダイ,名詞,連体,4,もの・こと,広狭・大小
在宅,ザイタク,名詞,サ変接続,4,動き,存在
最中,サイチュウ,名詞,時 連用,5,もの・こと,途中・盛り
最低,サイテイ,名詞,形容 連体,4,状態,長短・高低・深浅・厚薄・遠近
採点,サイテン,名詞,サ変接続,4,動き,判断・推測・評価
再度,サイド,名詞,時 連用,3,もの・こと,毎日・毎度
栽培,サイバイ,名詞,サ変接続,4,動き,農業・林業
採用,サイヨウ,名詞,サ変接続,4,動き,比較・参考・区別・選択
幸い,サイワイ,名詞,サ変接続,4,動き,人生・禍福
サイン,サイン,名詞,サ変接続,3,動き,和・差・比・率など
先駆け,サキガケ,名詞,サ変接続,4,動き,連れ・導き・追い・逃げなど
先々,サキザキ,名詞,時 連用,4,もの・こと,未来
作業,サギョウ,名詞,サ変接続,4,動き,労働・作業・休暇
搾取,サクシュ,名詞,サ変接続,4,動き,取得
作成,サクセイ,名詞,サ変接続,4,動き,成立
昨年,サクネン,名詞,時 連用,4,もの・こと,過去
昨年あたり,サクネンアタリ,名詞,時 連用,7,もの・こと,口語・IT
昨夜,サクヤ,名詞,時 連用,3,もの・こと,過去
昨夜中,サクヤチュウ,名詞,時 連用,6,もの・こと,口語・IT
雑魚寝,ザコネ,名詞,サ変接続,3,動き,生活・起臥
雑,ザツ,名詞,形容,2,状態,調和・混乱
撮影,サツエイ,名詞,サ変接続,4,動き,練り・塗り・撃ち・録音・撮影
作家,サッカ,名詞,呼称,3,もの・こと,専門的・技術的職業
錯覚,サッカク,名詞,サ変接続,4,動き,感覚
さっき,サッキ,名詞,時 連用,3,もの・こと,過去
昨今,サッコン,名詞,時 連用,4,もの・こと,現在
雑種,ザッシュ,名詞,連体,4,もの・こと,等級・系列
様々,サマザマ,名詞,形容 連用,4,状態,弛緩・粗密・繁簡
寒い,サムイ,形容詞,,3,状態,寒暖
左右,サユウ,名詞,サ変接続,3,動き,左右・前後・たてよこ
再来年,サライネン,名詞,時 連用,5,もの・こと,未来
騒がしい,サワガシイ,形容詞,,5,状態,人生・禍福
騒ぎ,サワギ,名詞,引用,3,もの・こと,事柄
爽か,サワヤカ,名詞,形容,4,状態,快・喜び
参加,サンカ,名詞,サ変接続,3,動き,出欠
散見,サンケン,名詞,サ変接続,4,動き,見る
惨憺,サンタン,名詞,形容,4,状態,恐れ・怒り・悔しさ
三度目,サンドメ,名詞,連用,4,もの・こと,口語・IT
散歩,サンポ,名詞,サ変接続,3,動き,旅・行楽
散漫,サンマン,名詞,形容,4,状態,心
参列,サンレツ,名詞,サ変接続,4,動き,出欠
試合,シアイ,名詞,サ変接続,3,動き,スポーツ
指圧,シアツ,名詞,サ変接続,3,動き,医療
幸せ,シアワセ,名詞,形容,4,状態,人生・禍福
支援,シエン,名詞,サ変接続,3,動き,救護・救援
しかたがない,シカタ,形容詞,,3,状態,方法
刺激,シゲキ,名詞,サ変接続,3,動き,感覚
試験,シケン,名詞,サ変接続,3,動き,研究・試験・調査・検査など
私語,シゴ,名詞,サ変接続,2,動き,話・談話
仕事,シゴト,名詞,サ変接続,3,動き,労働・作業・休暇
持参,ジサン,名詞,サ変接続,3,動き,往復
指示,シジ,名詞,サ変接続,2,動き,見せる
静か,シズカ,名詞,形容,3,状態,音
システマチック,システマチック,名詞,形容,7,状態,口語・IT
施設,シセツ,名詞,サ変接続,3,動き,店・旅館・病院・劇場など
自然,シゼン,名詞,形容 連体,3,状態,自然
次第,シダイ,名詞,連用,3,もの・こと,様相・情勢
時代,ジダイ,名詞,時 連用,3,もの・こと,時代
下書き,シタガキ,名詞,サ変接続,4,動き,書き
支度,シタク,名詞,サ変接続,3,動き,計画・案
親しい,シタシイ,形容詞,,4,状態,好悪・愛憎
したたか,シタタカ,名詞,形容,4,状態,程度
下っ端,シタッパ,名詞,連体,4,もの・こと,相対的地位
実感,ジッカン,名詞,サ変接続,4,動き,感覚
実況,ジッキョウ,名詞,サ変接続,5,動き,様相・情勢
失禁,シッキン,名詞,サ変接続,4,動き,生理
実験,ジッケン,名詞,サ変接続,4,動き,研究・試験・調査・検査など
しつこい,シツコイ,形容詞,,4,状態,信念・努力・忍耐
実際,ジッサイ,名詞,連体,4,もの・こと,真偽・是非
実証,ジッショウ,名詞,サ変接続,5,動き,論理・証明・偽り・誤り・訂正など
失神,シッシン,名詞,サ変接続,4,動き,感動・興奮
失明,シツメイ,名詞,サ変接続,4,動き,障害・けが
質問,シツモン,名詞,サ変接続,4,動き,問答
指定,シテイ,名詞,サ変接続,3,動き,決心・解決・決定・迷い
指摘,シテキ,名詞,サ変接続 引用,3,動き,見せる
四の五の,シノゴノ,名詞,連用,4,もの・こと,言語活動
支配,シハイ,名詞,サ変接続,3,動き,支配・政治
市販,シハン,名詞,サ変接続,3,動き,売買
自費出版,ジヒシュッパン,名詞,サ変接続,7,動き,口語・IT
渋い,シブイ,形容詞,,3,状態,快・喜び
死亡,シボウ,名詞,サ変接続,3,動き,死
地味,ジミ,名詞,形容,2,状態,地
指名,シメイ,名詞,サ変接続,3,動き,人事
死滅,シメツ,名詞,サ変接続,3,動き,消滅
自問自答,ジモンジトウ,名詞,サ変接続,6,動き,問答
社員,シャイン,名詞,呼称,4,もの・こと,成員・職
射撃,シャゲキ,名詞,サ変接続,4,動き,練り・塗り・撃ち・録音・撮影
社長,シャチョウ,名詞,呼称,5,もの・こと,長
邪魔,ジャマ,名詞,サ変接続,3,動き,防止・妨害・回避
自由,ジユウ,名詞,形容 連体,3,状態,作用・変化
秀逸,シュウイツ,名詞,形容,5,状態,限定・優劣
収穫,シュウカク,名詞,サ変接続,5,動き,取得
週刊,シュウカン,名詞,連体,5,もの・こと,出版・放送
宗教,シュウキョウ,名詞,連体,6,もの・こと,信仰・宗教
集計,シュウケイ,名詞,サ変接続,5,動き,測定・計算
ジューシー,ジューシー,名詞,形容,5,状態,水・乾湿
週日,シュウジツ,名詞,時 連用,5,もの・こと,週・週日
充実,ジュウジツ,名詞,サ変接続,5,動き,増減・補充
収縮,シュウシュク,名詞,サ変接続,6,動き,伸縮
就職,シュウショク,名詞,サ変接続,6,動き,処世・出処進退
住職,ジュウショク,名詞,呼称,6,もの・こと,専門的・技術的職業
終戦,シュウセン,名詞,サ変接続,5,動き,終了・中止・停止
修繕,シュウゼン,名詞,サ変接続,5,動き,技術・設備・修理
執着,シュウチャク,名詞,サ変接続,6,動き,欲望・期待・失望
集中,シュウチュウ,名詞,サ変接続,6,動き,合体・出会い・集合など
週半ば,シュウナカバ,名詞,時 連用,6,もの・こと,口語・IT
修復,シュウフク,名詞,サ変接続,5,動き,発生・復活
十分前,ジュウブンマエ,名詞,連用,7,もの・こと,口語・IT
週末,シュウマツ,名詞,時 連用,5,もの・こと,週・週日
充満,ジュウマン,名詞,サ変接続,5,動き,増減・補充
修理,シュウリ,名詞,サ変接続,4,動き,技術・設備・修理
授業,ジュギョウ,名詞,サ変接続,5,動き,学習・習慣・記憶
熟睡,ジュクスイ,名詞,サ変接続,5,動き,飢渇・酔い・疲労・睡眠など
宿直,シュクチョク,名詞,サ変接続,6,動き,その他の仕手
主催,シュサイ,名詞,サ変接続,4,動き,興行
取材,シュザイ,名詞,サ変接続,4,動き,比較・参考・区別・選択
手術,シュジュツ,名詞,サ変接続,5,動き,医療
主人,シュジン,名詞,連体,4,もの・こと,夫婦
受注,ジュチュウ,名詞,サ変接続,5,動き,取引
主張,シュチョウ,名詞,サ変接続 引用,5,動き,説・論・主義
出棺,シュッカン,名詞,サ変接続,5,動き,移動・発着
出勤,シュッキン,名詞,サ変接続,5,動き,往復
出社,シュッシャ,名詞,サ変接続,5,動き,往復
出征,シュッセイ,名詞,サ変接続,5,動き,学事・兵事
出発,シュッパツ,名詞,サ変接続,5,動き,移動・発着
主役,シュヤク,名詞,連体,4,もの・こと,その他の仕手
主要,シュヨウ,名詞,形容,4,状態,本体・代理
主流,シュリュウ,名詞,連体,5,もの・こと,本体・代理
瞬間,シュンカン,名詞,時 連用,5,もの・こと,時間
巡業,ジュンギョウ,名詞,サ変接続,6,動き,巡回など
純粋,ジュンスイ,名詞,形容,5,状態,弛緩・粗密・繁簡
準備,ジュンビ,名詞,サ変接続,4,動き,計画・案
使用,シヨウ,名詞,サ変接続,3,動き,扱い・操作・使用
上位,ジョウイ,名詞,連体,4,もの・こと,場合
紹介,ショウカイ,名詞,サ変接続,5,動き,仲介
障害,ショウガイ,名詞,連体,5,もの・こと,支障・損じ・荒廃
少額,ショウガク,名詞,形容 連体,5,状態,多少
正月,ショウガツ,名詞,時 連用 連体,5,もの・こと,月
正月明け,ショウガツアケ,名詞,時 連用,7,もの・こと,口語・IT
しょうがない,ショウガナイ,形容詞,,6,状態,必然性
正気,ショウキ,名詞,形容,4,状態,心
上京,ジョウキョウ,名詞,サ変接続,6,動き,移動・発着
上下,ジョウゲ,名詞,サ変接続,4,動き,往復
条件反射,ジョウケンハンシャ,名詞,サ変接続,9,動き,生理
焼香,ショウコウ,名詞,サ変接続,5,動き,行事・式典・宗教的行事
詳細,ショウサイ,名詞,形容,5,状態,意味・問題・趣旨など
正直,ショウジキ,名詞,形容,5,状態,人柄
常識的,ジョウシキテキ,名詞,形容,7,状態,意味・問題・趣旨など
症状,ショウジョウ,名詞,連体,6,もの・こと,様相・情勢
上昇,ジョウショウ,名詞,サ変接続,6,動き,上がり・下がり
正真正銘,ショウシンショウメイ,名詞,連体,10,もの・こと,真偽・是非
上手,ジョウズ,名詞,形容,4,状態,限定・優劣
承諾,ショウダク,名詞,サ変接続,5,動き,賛否
承知,ショウチ,名詞,サ変接続,4,動き,注意・認知・了解
常駐,ジョウチュウ,名詞,サ変接続,6,動き,存在
商売,ショウバイ,名詞,サ変接続,5,動き,取引
勝負,ショウブ,名詞,サ変接続,4,動き,勝敗
丈夫,ジョウブ,名詞,形容,4,状態,男女
照明,ショウメイ,名詞,サ変接続,5,動き,技術・設備・修理
正面,ショウメン,名詞,連体,5,もの・こと,面・側・表裏
省略,ショウリャク,名詞,サ変接続,6,動き,除去
昭和,ショウワ,名詞,元号,4,もの・こと,時代
女王,ジョオウ,名詞,呼称,4,もの・こと,君主
女王様,ジョオウサマ,名詞,呼称,6,もの・こと,口語・IT
ショート,ショート,名詞,サ変接続,4,動き,連絡・所属
初夏,ショカ,名詞,時 連用,3,もの・こと,季節
初期,ショキ,名詞,時 連用 連体,3,もの・こと,期間
食後,ショクゴ,名詞,時 連用,4,もの・こと,時間的前後
食事,ショクジ,名詞,サ変接続,4,動き,食生活
嘱託,ショクタク,名詞,サ変接続,5,動き,その他の仕手
触発,ショクハツ,名詞,サ変接続,5,動き,発生・復活
所在ない,ショザイナイ,形容詞,,6,状態,飢渇・酔い・疲労・睡眠など
初旬,ショジュン,名詞,時 連用,5,もの・こと,月
抒情,ジョジョウ,名詞,連体,5,もの・こと,叙述
初診,ショシン,名詞,連体,4,もの・こと,医療
初代,ショダイ,名詞,連体,4,もの・こと,永久・一生
初対面,ショタイメン,名詞,サ変接続,6,動き,応接・送迎
処置,ショチ,名詞,サ変接続,3,動き,技術・設備・修理
初日,ショニチ,名詞,時 連用,4,もの・こと,日
しょぼい,ショボイ,形容詞,,4,状態,口語・IT
処方,ショホウ,名詞,サ変接続,4,動き,方法
しらじらしい,シラジラシイ,形容詞,,6,状態,理由・目的・証拠
尻ごみ,シリゴミ,名詞,サ変接続,4,動き,進退
指令,シレイ,名詞,形容,3,状態,命令・制約・服従
白い,シロイ,形容詞,,3,状態,色
白っぽい,シロッポイ,形容詞,,5,状態,色
新規,シンキ,名詞,形容,3,状態,新旧・遅速
真剣,シンケン,名詞,形容,4,状態,刃物
進行,シンコウ,名詞,サ変接続,4,動き,進行・過程・経由
人工,ジンコウ,名詞,形容 連体,4,状態,製造・加工・包装
申告,シンコク,名詞,サ変接続,4,動き,報告・申告
新婚,シンコン,名詞,連体,4,もの・こと,冠婚
診察,シンサツ,名詞,サ変接続,4,動き,医療
人事,ジンジ,名詞,連体,3,もの・こと,人事
真実,シンジツ,名詞,形容,4,状態,真偽・是非
尋常,ジンジョウ,名詞,形容,5,状態,特徴
信心,シンジン,名詞,サ変接続,4,動き,信仰・宗教
新生,シンセイ,名詞,サ変接続,4,動き,生
診断,シンダン,名詞,サ変接続,4,動き,判断・推測・評価
新築,シンチク,名詞,サ変接続,4,動き,建築
慎重,シンチョウ,名詞,形容,5,状態,詳細・正確・不思議
新調,シンチョウ,名詞,サ変接続,5,動き,製造・加工・包装
しんどい,シンドイ,形容詞,,4,状態,苦悩・悲哀
振動,シンドウ,名詞,サ変接続,4,動き,動き
心配,シンパイ,名詞,サ変接続,4,動き,安心・焦燥・満足
神秘,シンピ,名詞,形容 連体,3,状態,真偽・是非
シンプル,シンプル,名詞,形容,4,状態,弛緩・粗密・繁簡
新聞受け,シンブンウケ,名詞,サ変接続,6,動き,口語・IT
進歩,シンポ,名詞,サ変接続,3,動き,進歩・衰退
新米,シンマイ,名詞,連体,4,もの・こと,人物
神妙,シンミョウ,名詞,形容,5,状態,信念・努力・忍耐
深夜,シンヤ,名詞,時 連用 連体,3,もの・こと,朝晩
信頼,シンライ,名詞,サ変接続,4,動き,敬意・感謝・信頼など
神話,シンワ,名詞,連体,3,もの・こと,文芸
推移,スイイ,名詞,サ変接続,3,動き,作用・変化
ｓｗｉｆｔ,スイフト,名詞,形容,4,状態,口語・IT
水没,スイボツ,名詞,サ変接続,4,動き,乗り降り・浮き沈み
睡眠,スイミン,名詞,サ変接続,4,動き,飢渇・酔い・疲労・睡眠など
睡眠不足,スイミンブソク,名詞,サ変接続,7,動き,過不足
数日,スウジツ,名詞,時 連用,4,もの・こと,数記号（一二三）
数日後,スウジツゴ,名詞,時 連用,5,もの・こと,口語・IT
数日前,スウジツマエ,名詞,時 連用,6,もの・こと,口語・IT
数年,スウネン,名詞,連用,4,もの・こと,数記号（一二三）
数年後,スウネンゴ,名詞,時 連用,5,もの・こと,口語・IT
数年前,スウネンマエ,名詞,時 連用,6,もの・こと,口語・IT
好き,スキ,名詞,形容,2,状態,好悪・愛憎
隙間,スキマ,名詞,連体,3,もの・こと,穴・口
少ない,スクナイ,形容詞,,4,状態,多少
少なめ,スクナメ,名詞,形容,4,状態,多少
凄い,スゴイ,形容詞,,3,状態,力
少し前,スコシマエ,名詞,連用,5,もの・こと,口語・IT
凄まじい,スサマジイ,形容詞,,5,状態,力
図示,ズシ,名詞,サ変接続,2,動き,見せる
涼しい,スズシイ,形容詞,,4,状態,寒暖
すっぴん,スッピン,名詞,形容,4,状態,身体
ステキ,ステキ,名詞,形容,3,状態,趣・調子
ステンドグラス,ステンドグラス,名詞,形容,7,状態,木・石・金
ストレート,ストレート,名詞,形容,5,状態,スポーツ
素早い,スバヤイ,形容詞,,4,状態,速度
素晴らしい,スバラシイ,形容詞,,5,状態,趣・調子
スポーツ,スポーツ,名詞,サ変接続,4,動き,スポーツ
スムーズ,スムーズ,名詞,形容,4,状態,調和・混乱
スリム,スリム,名詞,形容,3,状態,広狭・大小
寸前,スンゼン,名詞,時 連用,4,もの・こと,時間的前後
精一杯,セイイッパイ,名詞,連用,6,もの・こと,限度
正確,セイカク,名詞,形容,4,状態,詳細・正確・不思議
生活,セイカツ,名詞,サ変接続,4,動き,生活・起臥
制限,セイゲン,名詞,サ変接続,4,動き,限定・優劣
生産,セイサン,名詞,サ変接続,4,動き,発生・復活
正視,セイシ,名詞,サ変接続,3,動き,見る
正式,セイシキ,名詞,形容 連体,4,状態,制度・慣例
清拭,セイシキ,名詞,サ変接続,4,動き,制度・慣例
政治的,セイジテキ,名詞,形容 連体,5,状態,説・論・主義
静寂,セイジャク,名詞,形容,5,状態,音
成熟,セイジュク,名詞,サ変接続,5,動き,生
清書,セイショ,名詞,サ変接続,4,動き,書き
正常,セイジョウ,名詞,形容,5,状態,真偽・是非
精神,セイシン,名詞,連体,4,もの・こと,心
生前,セイゼン,名詞,時 連用 連体,4,もの・こと,途中・盛り
製造,セイゾウ,名詞,サ変接続,4,動き,製造工業
盛大,セイダイ,名詞,形容,4,状態,文化・歴史・風俗
成長,セイチョウ,名詞,サ変接続,5,動き,進歩・衰退
整頓,セイトン,名詞,サ変接続,4,動き,調節
青年,セイネン,名詞,呼称,4,もの・こと,年配
正反対,セイハンタイ,名詞,形容 連体,6,状態,相対
精密,セイミツ,名詞,形容,4,状態,弛緩・粗密・繁簡
制約,セイヤク,名詞,サ変接続,4,動き,命令・制約・服従
整理,セイリ,名詞,サ変接続,3,動き,調節
成立,セイリツ,名詞,サ変接続,4,動き,成立
異世界,セカイ,名詞,連体,3,もの・こと,社会・世界
世界,セカイ,名詞,連体,3,もの・こと,社会・世界
世界中,セカイジュウ,名詞,連体,6,もの・こと,口語・IT
世間並み,セケンナミ,名詞,形容 連体,5,状態,特徴
設計,セッケイ,名詞,サ変接続,4,動き,計画・案
切実,セツジツ,名詞,形容,4,状態,真偽・是非
接待,セッタイ,名詞,サ変接続,4,動き,応接・送迎
設定,セッテイ,名詞,サ変接続,4,動き,決心・解決・決定・迷い
セット,セット,名詞,サ変接続,3,動き,群・組・対
窃盗,セットウ,名詞,サ変接続,4,動き,人物
説得,セットク,名詞,サ変接続 引用,4,動き,交渉
説明,セツメイ,名詞,サ変接続 引用,4,動き,説明
説明会,セツメイカイ,名詞,引用,6,もの・こと,口語・IT
狭い,セマイ,形容詞,,3,状態,広狭・大小
世話,セワ,名詞,サ変接続,2,動き,仲介
忙しない,セワシナイ,形容詞,,5,状態,安心・焦燥・満足
世話好き,セワズキ,名詞,形容,4,状態,救護・救援
前回,ゼンカイ,名詞,時 連用,4,もの・こと,時間的前後
洗眼,センガン,名詞,サ変接続,4,動き,保健・衛生
先月,センゲツ,名詞,時 連用,4,もの・こと,過去
宣言,センゲン,名詞,サ変接続 引用,4,動き,言語活動
戦後,センゴ,名詞,時 連用 連体,3,もの・こと,時代
前後,ゼンゴ,名詞,サ変接続,3,動き,順序
戦後生まれ,センゴウマレ,名詞,時 連用,6,もの・こと,口語・IT
潜在,センザイ,名詞,サ変接続,4,動き,存在
千差万別,センサバンベツ,名詞,連体,7,もの・こと,弛緩・粗密・繁簡
先日,センジツ,名詞,時 連用,4,もの・こと,過去
前日,ゼンジツ,名詞,時 連用,4,もの・こと,時間的前後
先週,センシュウ,名詞,時 連用,5,もの・こと,過去
先週末,センシュウマツ,名詞,時 連用,7,もの・こと,口語・IT
洗浄,センジョウ,名詞,サ変接続,5,動き,染色・洗濯など
先生,センセイ,名詞,呼称,4,もの・こと,人物
先々週,センセンシュウ,名詞,時 連用,7,もの・こと,過去
戦争,センソウ,名詞,サ変接続,4,動き,戦争
仙台,センダイ,名詞,固有 地 組織 人名,4,もの・こと,永久・一生
全体,ゼンタイ,名詞,連用,4,もの・こと,一般・全体・部分
洗濯,センタク,名詞,サ変接続,4,動き,染色・洗濯など
選択,センタク,名詞,サ変接続,4,動き,比較・参考・区別・選択
洗濯機回り,センタクキマワリ,名詞,サ変接続,8,動き,口語・IT
洗濯物干,センタクモノボシ,名詞,サ変接続,8,動き,口語・IT
センチメンタル,センチメンタル,名詞,形容,7,状態,文化・歴史・風俗
戦中,センチュウ,名詞,時 連用 連体,5,もの・こと,時代
先導,センドウ,名詞,サ変接続,4,動き,連れ・導き・追い・逃げなど
専任,センニン,名詞,連体,4,もの・こと,義務
前半,ゼンハン,名詞,時 連用,4,もの・こと,順序
全部,ゼンブ,名詞,連用,3,もの・こと,多少
前夜,ゼンヤ,名詞,時 連用,3,もの・こと,時間的前後
前略,ゼンリャク,名詞,サ変接続,5,動き,除去
送還,ソウカン,名詞,サ変接続,4,動き,往復
葬儀,ソウギ,名詞,サ変接続,3,動き,行事・式典・宗教的行事
造語,ゾウゴ,名詞,サ変接続,3,動き,名
総合,ソウゴウ,名詞,サ変接続,4,動き,合体・出会い・集合など
操作,ソウサ,名詞,サ変接続,3,動き,扱い・操作・使用
掃除,ソウジ,名詞,サ変接続,3,動き,掃除など
葬式,ソウシキ,名詞,サ変接続,4,動き,行事・式典・宗教的行事
増殖,ゾウショク,名詞,サ変接続,5,動き,増減・補充
送信,ソウシン,名詞,サ変接続,4,動き,通信
壮絶,ソウゼツ,名詞,形容,4,状態,行為・活動
想像,ソウゾウ,名詞,サ変接続,4,動き,判断・推測・評価
早退,ソウタイ,名詞,サ変接続,4,動き,労働・作業・休暇
相談,ソウダン,名詞,サ変接続,4,動き,会議・論議
早朝,ソウチョウ,名詞,時 連用 連体,5,もの・こと,朝晩
相当,ソウトウ,名詞,サ変接続,4,動き,相対
騒動,ソウドウ,名詞,サ変接続,4,動き,いたずら・騒ぎ
双方,ソウホウ,名詞,連用,4,もの・こと,群・組・対
僧侶,ソウリョ,名詞,呼称,4,もの・こと,専門的・技術的職業
疎遠,ソエン,名詞,形容,3,状態,関係
属性,ゾクセイ,名詞,連体,4,もの・こと,性質
測定,ソクテイ,名詞,サ変接続,4,動き,測定・計算
そぐわない,ソグワナイ,形容詞,,5,状態,良不良・適不適
組織,ソシキ,名詞,サ変接続,3,動き,成立
措置,ソチ,名詞,サ変接続,2,動き,技術・設備・修理
卒業,ソツギョウ,名詞,サ変接続,5,動き,終了・中止・停止
即決,ソッケツ,名詞,サ変接続,4,動き,決心・解決・決定・迷い
その間,ソノアイダ,名詞,時 連用 指示,5,もの・こと,時間
そのうち,ソノウチ,名詞,時 連用 指示,4,もの・こと,未来
その後,ソノゴ,名詞,時 連用 指示,3,もの・こと,時間的前後
その時,ソノトキ,名詞,時 連用 指示,4,もの・こと,時機・時刻
その場,ソノバ,名詞,連用 指示,3,もの・こと,空間・場所
その場限り,ソノバカギリ,名詞,連用 指示,6,もの・こと,終始
その日,ソノヒ,名詞,時 連用 指示,3,もの・こと,時機・時刻
そのまま,ソノママ,名詞,連用 指示,4,もの・こと,こそあど・他
それきり,ソレキリ,名詞,時 連用 指示,4,もの・こと,時間的前後
損,ソン,名詞,サ変接続,2,動き,損得
存在,ソンザイ,名詞,サ変接続,4,動き,存在
尊大,ソンダイ,名詞,形容,4,状態,待遇・礼など
尊重,ソンチョウ,名詞,サ変接続,5,動き,敬意・感謝・信頼など
他,タ,名詞,連体 連用,1,もの・こと,本体・代理
対応,タイオウ,名詞,サ変接続,4,動き,相対
待機,タイキ,名詞,サ変接続,3,動き,存在
退去,タイキョ,名詞,サ変接続,4,動き,移動・発着
大挙,タイキョ,名詞,サ変接続,4,動き,行為・活動
退屈,タイクツ,名詞,サ変接続,4,動き,飢渇・酔い・疲労・睡眠など
体型,タイケイ,名詞,連体,4,もの・こと,形・型・姿・構え
対決,タイケツ,名詞,サ変接続,4,動き,交渉
体験,タイケン,名詞,サ変接続,4,動き,学習・習慣・記憶
対策,タイサク,名詞,サ変接続,4,動き,計画・案
退散,タイサン,名詞,サ変接続,4,動き,進退
退治,タイジ,名詞,サ変接続,3,動き,軍事
大事,ダイジ,名詞,形容,3,状態,事柄
対処,タイショ,名詞,サ変接続,4,動き,技術・設備・修理
大正,タイショウ,名詞,元号,5,もの・こと,時代
退職,タイショク,名詞,サ変接続,5,動き,処世・出処進退
大好き,ダイスキ,名詞,形容,4,状態,好悪・愛憎
大胆,ダイタン,名詞,形容,4,状態,行為・活動
体調,タイチョウ,名詞,連体,5,もの・こと,病気・体調
大敗,タイハイ,名詞,サ変接続,4,動き,勝敗
代表,ダイヒョウ,名詞,サ変接続,5,動き,本体・代理
タイプ,タイプ,名詞,形容,3,状態,類・例
大部分,ダイブブン,名詞,連用,5,もの・こと,一般・全体・部分
大別,タイベツ,名詞,サ変接続,4,動き,比較・参考・区別・選択
対面,タイメン,名詞,サ変接続,4,動き,方向・方角
大量,タイリョウ,名詞,形容,5,状態,多少
高い,タカイ,形容詞,,3,状態,長短・高低・深浅・厚薄・遠近
高め,タカメ,名詞,形容,3,状態,長短・高低・深浅・厚薄・遠近
たくましい,タクマシイ,形容詞,,5,状態,力
他国,タコク,名詞,連体,3,もの・こと,国
確か,タシカ,名詞,形容,3,状態,詳細・正確・不思議
他日,タジツ,名詞,時 連用,3,もの・こと,未来
多少,タショウ,名詞,形容 連体 連用,4,状態,多少
打診,ダシン,名詞,サ変接続,3,動き,医療
脱出,ダッシュツ,名詞,サ変接続,5,動き,出・出し
タッチ,タッチ,名詞,サ変接続,3,動き,接近・接触・隔離
達筆,タッピツ,名詞,形容,4,状態,書き
立て続け,タテツヅケ,名詞,時 連用,5,もの・こと,連続・反復
棚受け,タナウケ,名詞,サ変接続,4,動き,口語・IT
他人,タニン,名詞,連体,3,もの・こと,自他
他方,タホウ,名詞,連用,3,もの・こと,こそあど・他
たまらない,タマラナイ,形容詞,,5,状態,信念・努力・忍耐
駄目,ダメ,名詞,形容,2,状態,終了・中止・停止
頼りない,タヨリナイ,形容詞,,5,状態,安心・焦燥・満足
断言,ダンゲン,名詞,サ変接続,4,動き,言語活動
単純,タンジュン,名詞,形容,5,状態,弛緩・粗密・繁簡
誕生,タンジョウ,名詞,サ変接続,5,動き,生
談笑,ダンショウ,名詞,サ変接続,5,動き,話・談話
単身赴任,タンシンフニン,名詞,サ変接続,7,動き,生活・起臥
端正,タンセイ,名詞,形容,4,状態,美醜
男性,ダンセイ,名詞,連体,4,もの・こと,男女
断定,ダンテイ,名詞,サ変接続,4,動き,判断・推測・評価
担当,タントウ,名詞,サ変接続,4,動き,義務
段取り,ダンドリ,名詞,サ変接続,4,動き,順序
担任,タンニン,名詞,サ変接続,4,動き,専門的・技術的職業
断熱,ダンネツ,名詞,サ変接続,4,動き,防止・妨害・回避
堪能,タンノウ,名詞,サ変接続,4,動き,安心・焦燥・満足
小さい,チイサイ,形容詞,,4,状態,新旧・遅速
小さめ,チイサメ,名詞,形容,4,状態,口語・IT
地下,チカ,名詞,連体,2,もの・こと,上下
近い,チカイ,形容詞,,3,状態,関係
違いない,チガイナイ,形容詞,,5,状態,異同・類似
近頃,チカゴロ,名詞,時 連用,4,もの・こと,過去
力強い,チカラヅヨイ,形容詞,,6,状態,力
ちぐはぐ,チグハグ,名詞,形容,4,状態,調和・混乱
遅刻,チコク,名詞,サ変接続,3,動き,新旧・遅速
地方,チホウ,名詞,連体,3,もの・こと,範囲・席・跡
茶色い,チャイロイ,形容詞,,5,状態,口語・IT
治癒,チユ,名詞,サ変接続,2,動き,病気・体調
注意,チュウイ,名詞,サ変接続,4,動き,注意・認知・了解
注意書き,チュウイガキ,名詞,サ変接続,6,動き,口語・IT
中央,チュウオウ,名詞,連体,5,もの・こと,中・隅・端
中間,チュウカン,名詞,連体,5,もの・こと,途中・盛り
忠告,チュウコク,名詞,サ変接続,5,動き,教育・養成
駐在,チュウザイ,名詞,サ変接続,5,動き,存在
中止,チュウシ,名詞,サ変接続,4,動き,終了・中止・停止
注釈,チュウシャク,名詞,サ変接続,6,動き,説明
中傷,チュウショウ,名詞,サ変接続,6,動き,脅迫・中傷・愚弄など
中心,チュウシン,名詞,連体,5,もの・こと,中・隅・端
中途,チュウト,名詞,時 連用 連体,4,もの・こと,途中・盛り
中途半端,チュウトハンパ,名詞,形容,7,状態,良不良・適不適
中日,チュウニチ,名詞,時 連用,5,もの・こと,日
注目,チュウモク,名詞,サ変接続 引用,5,動き,注意・認知・了解
注文,チュウモン,名詞,サ変接続,5,動き,文章
中立,チュウリツ,名詞,サ変接続,5,動き,成立
中略,チュウリャク,名詞,サ変接続,6,動き,除去
長期,チョウキ,名詞,連体,4,もの・こと,期間
調査,チョウサ,名詞,サ変接続,4,動き,研究・試験・調査・検査など
長時間,チョウジカン,名詞,時 連用 連体,6,もの・こと,時間
朝食,チョウショク,名詞,サ変接続,6,動き,食生活
調整,チョウセイ,名詞,サ変接続,5,動き,調節
調節,チョウセツ,名詞,サ変接続,5,動き,調節
頂戴,チョウダイ,名詞,サ変接続,5,動き,授受
跳梁,チョウリョウ,名詞,サ変接続,6,動き,通過・普及など
直後,チョクゴ,名詞,時 連用,4,もの・こと,時間的前後
直前,チョクゼン,名詞,時 連用 連体,5,もの・こと,時間的前後
直属,チョクゾク,名詞,サ変接続,5,動き,連絡・所属
直通,チョクツウ,名詞,サ変接続,5,動き,通過・普及など
直面,チョクメン,名詞,サ変接続,5,動き,方向・方角
直行,チョッコウ,名詞,サ変接続,5,動き,進行・過程・経由
著名,チョメイ,名詞,形容,4,状態,評判
再治療,サイチリョウ,名詞,サ変接続,6,動き,口語・IT
治療,チリョウ,名詞,サ変接続,4,動き,医療
鎮座,チンザ,名詞,サ変接続,3,動き,固定・傾き・転倒など
賃貸,チンタイ,名詞,サ変接続,4,動き,貸借
沈没,チンボツ,名詞,サ変接続,4,動き,乗り降り・浮き沈み
珍妙,チンミョウ,名詞,形容,5,状態,特徴
沈黙,チンモク,名詞,サ変接続,4,動き,言語活動
陳列,チンレツ,名詞,サ変接続,4,動き,見せる
追加,ツイカ,名詞,サ変接続,3,動き,増減・補充
追従,ツイジュウ,名詞,サ変接続,5,動き,連れ・導き・追い・逃げなど
ついで,ツイデ,名詞,連用,3,もの・こと,時機・時刻
追悼,ツイトウ,名詞,サ変接続,4,動き,敬意・感謝・信頼など
通院,ツウイン,名詞,サ変接続,4,動き,往復
通勤,ツウキン,名詞,サ変接続,4,動き,往復
通常,ツウジョウ,名詞,時 連用 連体,5,もの・こと,特徴
通常通り,ツウジョウドオリ,名詞,時 連用,8,もの・こと,口語・IT
通信,ツウシン,名詞,サ変接続,4,動き,通信
通知,ツウチ,名詞,サ変接続,3,動き,伝達・報知
通訳,ツウヤク,名詞,サ変接続,4,動き,専門的・技術的職業
通用,ツウヨウ,名詞,サ変接続,4,動き,文化・歴史・風俗
次,ツギ,名詞,時 連用,2,もの・こと,未来
つぎはぎ,ツギハギ,名詞,サ変接続,4,動き,接近・接触・隔離
都合,ツゴウ,名詞,サ変接続,3,動き,趣・調子
慎み深い,ツツシミブカイ,形容詞,,7,状態,人柄
呟き,ツブヤキ,名詞,引用,4,もの・こと,言語活動
冷たい,ツメタイ,形容詞,,4,状態,寒暖
強い,ツヨイ,形容詞,,3,状態,力
つらい,ツライ,形容詞,,3,状態,苦悩・悲哀
提案,テイアン,名詞,サ変接続 引用,4,動き,出没
提案書,テイアンショ,名詞,引用,6,もの・こと,口語・IT
定期,テイキ,名詞,連体,3,もの・こと,時機・時刻
定期的,テイキテキ,名詞,形容,5,状態,時機
停止,テイシ,名詞,サ変接続,3,動き,終了・中止・停止
泥酔,デイスイ,名詞,サ変接続,4,動き,飢渇・酔い・疲労・睡眠など
丁寧,テイネイ,名詞,形容,4,状態,詳細・正確・不思議
出入り,デイリ,名詞,サ変接続,3,動き,出入り
データベース回り,データベースマワリ,名詞,サ変接続,9,動き,口語・IT
でかい,デカイ,形容詞,,3,状態,広狭・大小
的確,テキカク,名詞,形容,4,状態,詳細・正確・不思議
適正,テキセイ,名詞,形容,4,状態,良不良・適不適
不適正,テキセイ,名詞,形容,4,状態,性質
適度,テキド,名詞,形容,3,状態,良不良・適不適
適当,テキトウ,名詞,形容,4,状態,良不良・適不適
デザイン,デザイン,名詞,サ変接続,4,動き,芸術・美術
手探り,テサグリ,名詞,サ変接続,4,動き,研究・試験・調査・検査など
徹する,テッスル,名詞,サ変接続,4,動き,通過・普及など
撤去,テッキョ,名詞,サ変接続,4,動き,除去
手作り,テヅクリ,名詞,サ変接続,4,動き,製造・加工・包装
徹夜,テツヤ,名詞,サ変接続,3,動き,生活・起臥
手配,テハイ,名詞,サ変接続,3,動き,計画・案
手間,テマ,名詞,連体,2,もの・こと,労働・作業・休暇
転嫁,テンカ,名詞,サ変接続,3,動き,約束
展開,テンカイ,名詞,サ変接続,4,動き,伸縮
転換,テンカン,名詞,サ変接続,4,動き,変換・交換
点眼,テンガン,名詞,サ変接続,4,動き,医療
点検,テンケン,名詞,サ変接続,4,動き,研究・試験・調査・検査など
展示,テンジ,名詞,サ変接続,3,動き,見せる
電子化,デンシカ,名詞,サ変接続,4,動き,技術・設備・修理
天上,テンジョウ,名詞,連体,5,もの・こと,上下
転職,テンショク,名詞,サ変接続,5,動き,変換・交換
店長,テンチョウ,名詞,呼称,5,もの・こと,変換・交換
点灯,テントウ,名詞,サ変接続,4,動き,技術・設備・修理
点滅,テンメツ,名詞,サ変接続,4,動き,光
電話,デンワ,名詞,サ変接続,3,動き,通信
問い合わせ,トイアワセ,名詞,引用,5,もの・こと,問答
問合せフォーム,トイアワセフォーム,名詞,引用,9,もの・こと,口語・IT
ドイツ,ドイツ,名詞,固有 地,3,もの・こと,固有地名
同意,ドウイ,名詞,サ変接続,3,動き,賛否
統一,トウイツ,名詞,サ変接続,4,動き,統一・組み合わせ
動員,ドウイン,名詞,サ変接続,4,動き,人事
統括,トウカツ,名詞,サ変接続,4,動き,統一・組み合わせ
同居,ドウキョ,名詞,サ変接続,4,動き,住生活
東京,トウキョウ,名詞,固有 地 組織,5,もの・こと,固有地名
同郷,ドウキョウ,名詞,連体,5,もの・こと,異同・類似
統計,トウケイ,名詞,サ変接続,4,動き,測定・計算
同行,ドウコウ,名詞,サ変接続,4,動き,連れ・導き・追い・逃げなど
盗撮,トウサツ,名詞,サ変接続,4,動き,練り・塗り・撃ち・録音・撮影
当時,トウジ,名詞,時 連用,3,もの・こと,時間的前後
当日,トウジツ,名詞,時 連用,4,もの・こと,時機・時刻
当初,トウショ,名詞,時 連用,4,もの・こと,終始
透析,トウセキ,名詞,サ変接続,4,動き,医療
同席,ドウセキ,名詞,サ変接続,4,動き,出欠
当然,トウゼン,名詞,形容 連用,4,状態,真偽・是非
同窓,ドウソウ,名詞,連体,4,もの・こと,友・なじみ
到着,トウチャク,名詞,サ変接続,5,動き,移動・発着
道中,ドウチュウ,名詞,時 連用,5,もの・こと,途中・盛り
盗聴,トウチョウ,名詞,サ変接続,5,動き,聞き・味見
動転,ドウテン,名詞,サ変接続,4,動き,感動・興奮
堂々,ドウドウ,名詞,形容,4,状態,連れ・導き・追い・逃げなど
唐突,トウトツ,名詞,形容,4,状態,時機
導入,ドウニュウ,名詞,サ変接続,5,動き,入り・入れ
東北,トウホク,名詞,固有 地,4,もの・こと,方向・方角
透明,トウメイ,名詞,形容,4,状態,光
当面,トウメン,名詞,サ変接続,4,動き,現在
動揺,ドウヨウ,名詞,サ変接続,4,動き,動揺・回転
同様,ドウヨウ,名詞,形容,4,状態,異同・類似
到来,トウライ,名詞,サ変接続,4,動き,移動・発着
登録,トウロク,名詞,サ変接続,4,動き,書き
道路工事,ドウロコウジ,名詞,サ変接続,6,動き,口語・IT
遠い,トオイ,形容詞,,3,状態,関係
時,トキ,名詞,時 連用,2,もの・こと,時間
時々,トキドキ,名詞,時 連用,4,もの・こと,季節
得,トク,名詞,形容,2,状態,損得
得意,トクイ,名詞,形容,3,状態,主客
読書,ドクショ,名詞,サ変接続,4,動き,読み
特徴的,トクチョウテキ,名詞,形容,7,状態,口語・IT
特定,トクテイ,名詞,サ変接続 連体,4,動き,判断・推測・評価
独特,ドクトク,名詞,形容 連体,4,状態,特徴
特別,トクベツ,名詞,形容,4,状態,特徴
途端,トタン,名詞,時 連用,3,もの・こと,時機・時刻
途中,トチュウ,名詞,時 連用,4,もの・こと,進行・過程・経由
特化,トッカ,名詞,サ変接続,3,動き,作用・変化
特権,トッケン,名詞,連体,4,もの・こと,権利
トップ,トップ,名詞,連体,3,もの・こと,等級・系列
とてつもない,トテツモナイ,形容詞,,6,状態,程度
乏しい,トボシイ,形容詞,,4,状態,多少
土曜日,ドヨウビ,名詞,時 連用,4,もの・こと,週・週日
ドライブ,ドライブ,名詞,サ変接続,4,動き,旅・行楽
ドラマ,ドラマ,名詞,形容,3,状態,演劇・映画
ドリブル,ドリブル,名詞,サ変接続,4,動き,スポーツ
努力,ドリョク,名詞,サ変接続,4,動き,信念・努力・忍耐
鈍感,ドンカン,名詞,形容,4,状態,心
頓挫,トンザ,名詞,サ変接続,3,動き,終了・中止・停止
とんでもない,トンデモナイ,形容詞,,6,状態,趣・調子
ない,ナイ,形容詞,,2,状態,存在
内緒,ナイショ,名詞,連体,4,もの・こと,出没
内製,ナイセイ,名詞,サ変接続,4,動き,自信・誇り・恥・反省
長い,ナガイ,形容詞,,3,状態,長短・高低・深浅・厚薄・遠近
長年,ナガネン,名詞,時 連用,4,もの・こと,過去
仲良し,ナカヨシ,名詞,,4,もの・こと,友・なじみ
夏,ナツ,名詞,時 連用,2,もの・こと,季節
懐かしい,ナツカシイ,形容詞,,5,状態,好悪・愛憎
納得,ナットク,名詞,サ変接続,4,動き,注意・認知・了解
夏場,ナツバ,名詞,時 連用,3,もの・こと,季節
何,ナニ,名詞,指示 形容,2,状態,こそあど・他
何か,ナニカ,名詞,連用 指示,3,もの・こと,こそあど・他
生臭い,ナマグサイ,形容詞,,5,状態,におい
何回,ナンカイ,名詞,連用 指示,4,もの・こと,注意・認知・了解
何で,ナンデ,名詞,指示 形容,3,状態,理由
何度,ナンド,名詞,連用 指示,3,もの・こと,毎日・毎度
何日,ナンニチ,名詞,連用 指示,4,もの・こと,数記号（一二三）
何本,ナンボン,名詞,連用 指示,4,もの・こと,口語・IT
苦手,ニガテ,名詞,形容,3,状態,特徴
苦笑い,ニガワライ,名詞,サ変接続,5,動き,表情・態度
賑やか,ニギヤカ,名詞,形容,4,状態,貧富
似たりよったり,ニタリヨッタリ,名詞,形容,7,状態,異同・類似
日常,ニチジョウ,名詞,時 連用 連体,5,もの・こと,時間
日常生活,ニチジョウセイカツ,名詞,時 連用,9,もの・こと,生活・起臥
日常的,ニチジョウテキ,名詞,時 連用 連体 形容,7,状態,特徴
非日常的,ニチジョウテキ,名詞,時 連用 連体 形容,7,状態,特徴
日曜日,ニチヨウビ,名詞,時 連用,5,もの・こと,週・週日
似つかわしい,ニツカワシイ,形容詞,,6,状態,良不良・適不適
日記,ニッキ,名詞,連体,3,もの・こと,文芸
日本,ニッポン,名詞,固有 地,4,もの・こと,固有地名
二度,ニド,名詞,連用,2,もの・こと,口語・IT
二度寝,ニドネ,名詞,連用,3,もの・こと,飢渇・酔い・疲労・睡眠など
二度目,ニドメ,名詞,連用,3,もの・こと,口語・IT
入院,ニュウイン,名詞,サ変接続,5,動き,入り・入れ
入居,ニュウキョ,名詞,サ変接続,5,動き,入り・入れ
入社,ニュウシャ,名詞,サ変接続,5,動き,入り・入れ
入手,ニュウシュ,名詞,サ変接続,5,動き,取得
入出力,ニュウシュツリョク,名詞,サ変接続,9,動き,口語・IT
入力,ニュウリョク,名詞,サ変接続,6,動き,弾力・動力・圧力など
人間,ニンゲン,名詞,連体,4,もの・こと,人間
認識,ニンシキ,名詞,サ変接続 引用,4,動き,注意・認知・了解
認証,ニンショウ,名詞,サ変接続,5,動き,論理・証明・偽り・誤り・訂正など
認定,ニンテイ,名詞,サ変接続,4,動き,判断・推測・評価
熱,ネツ,名詞,サ変接続,2,動き,欲望・期待・失望
熱心,ネッシン,名詞,形容,4,状態,信念・努力・忍耐
熱中,ネッチュウ,名詞,サ変接続,5,動き,信念・努力・忍耐
ネットサーフィン,ネットサーフィン,名詞,サ変接続,8,動き,口語・IT
寝不足,ネブソク,名詞,サ変接続,4,動き,過不足
寝巻,ネマキ,名詞,形容,3,状態,下着・寝巻き
眠い,ネムイ,形容詞,,3,状態,飢渇・酔い・疲労・睡眠など
念入り,ネンイリ,名詞,形容,4,状態,詳細・正確・不思議
年始,ネンシ,名詞,時 連用 連体,3,もの・こと,節・節日
年内,ネンナイ,名詞,時 連用,4,もの・こと,節・節日
年末,ネンマツ,名詞,時 連用 連体,4,もの・こと,節・節日
年末年始,ネンマツネンシ,名詞,時 連用,7,もの・こと,口語・IT
濃密,ノウミツ,名詞,形容,4,状態,弛緩・粗密・繁簡
能力,ノウリョク,名詞,連体,5,もの・こと,物力・権力・体力など
ノート,ノート,名詞,サ変接続,3,動き,説明
上せ,ノボセ,名詞,引用,3,もの・こと,感動・興奮
飲み食い,ノミクイ,名詞,サ変接続,4,動き,食生活
野良猫狩り,ノラネコガリ,名詞,サ変接続,6,動き,口語・IT
乗り降り,ノリオリ,名詞,サ変接続,4,動き,乗り降り・浮き沈み
把握,ハアク,名詞,サ変接続,3,動き,注意・認知・了解
拝顔,ハイガン,名詞,サ変接続,4,動き,応接・送迎
排出,ハイシュツ,名詞,サ変接続,5,動き,出・出し
買春,バイシュン,名詞,サ変接続,5,動き,犯罪・罪
敗戦,ハイセン,名詞,サ変接続,4,動き,戦争
俳優,ハイユウ,名詞,呼称,4,もの・こと,専門的・技術的職業
馬鹿,バカ,名詞,形容,2,状態,人物
墓参り,ハカマイリ,名詞,サ変接続,5,動き,行事・式典・宗教的行事
白状,ハクジョウ,名詞,サ変接続,5,動き,報告・申告
爆睡,バクスイ,名詞,サ変接続,4,動き,口語・IT
白濁,ハクダク,名詞,サ変接続,4,動き,材質
白熱,ハクネツ,名詞,サ変接続 連体,4,動き,熱
剥離,ハクリ,名詞,サ変接続,3,動き,接近・接触・隔離
激しい,ハゲシイ,形容詞,,4,状態,力
励み,ハゲミ,名詞,引用,3,もの・こと,信念・努力・忍耐
走り書き,ハシリガキ,名詞,サ変接続,5,動き,書き
パソコン漬け,パソコンヅケ,名詞,サ変接続,6,動き,口語・IT
場違い,バチガイ,名詞,形容,4,状態,判断・推測・評価
罰,バツ,名詞,サ変接続,2,動き,刑
発揮,ハッキ,名詞,サ変接続,3,動き,出没
発見,ハッケン,名詞,サ変接続,4,動き,見る
跋扈,バッコ,名詞,サ変接続,3,動き,通過・普及など
発行,ハッコウ,名詞,サ変接続,4,動き,授受
発車,ハッシャ,名詞,サ変接続,4,動き,移動・発着
発症,ハッショウ,名詞,サ変接続,5,動き,病気・体調
発信,ハッシン,名詞,サ変接続 引用,4,動き,通信
発生,ハッセイ,名詞,サ変接続,4,動き,発生・復活
発声,ハッセイ,名詞,サ変接続 引用,4,動き,声
発病,ハツビョウ,名詞,サ変接続,5,動き,病気・体調
発表,ハッピョウ,名詞,サ変接続 引用,5,動き,宣告・宣言・発表
発明,ハツメイ,名詞,サ変接続,4,動き,思考・意見・疑い
果てしない,ハテシナイ,形容詞,,5,状態,広狭・大小
話,ハナシ,名詞,引用,3,もの・こと,話・談話
花模様,ハナモヨウ,名詞,連体,5,もの・こと,口語・IT
華やか,ハナヤカ,名詞,形容,4,状態,美醜
場面,バメン,名詞,連体,3,もの・こと,場合
はやい,ハヤイ,形容詞,,3,状態,新旧・遅速
早い,ハヤイ,形容詞,,3,状態,新旧・遅速
速い,ハヤイ,形容詞,,3,状態,新旧・遅速
バランス,バランス,名詞,連体,4,もの・こと,調和・混乱
春,ハル,名詞,時 連用,2,もの・こと,季節
春休み,ハルヤスミ,名詞,時 連用,5,もの・こと,労働・作業・休暇
晩,バン,名詞,時 連用,2,もの・こと,朝晩
繁栄,ハンエイ,名詞,サ変接続,4,動き,貧富
晩夏,バンカ,名詞,時 連用,3,もの・こと,季節
犯罪,ハンザイ,名詞,サ変接続,4,動き,犯罪・罪
反対,ハンタイ,名詞,サ変接続,4,動き,相対
バンド,バンド,名詞,サ変接続,3,動き,同盟・団体
反動,ハンドウ,名詞,連体,4,もの・こと,作用・変化
半年,ハントシ,名詞,時 連用,4,もの・こと,数記号（一二三）
半日,ハンニチ,名詞,連用,4,もの・こと,日
晩年,バンネン,名詞,時 連用,4,もの・こと,年配
反駁,ハンバク,名詞,サ変接続,4,動き,会議・論議
半分,ハンブン,名詞,連用,4,もの・こと,多少
判明,ハンメイ,名詞,サ変接続,4,動き,注意・認知・了解
反論,ハンロン,名詞,サ変接続,4,動き,会議・論議
Ｂ型,ビーガタ,名詞,文字,4,もの・こと,口語・IT
日帰り,ヒガエリ,名詞,サ変接続,4,動き,往復
卑怯,ヒキョウ,名詞,形容,4,状態,行為・活動
低い,ヒクイ,形容詞,,3,状態,長短・高低・深浅・厚薄・遠近
悲劇的,ヒゲキテキ,名詞,形容,5,状態,恐れ・怒り・悔しさ
日頃,ヒゴロ,名詞,時 連用,3,もの・こと,時間
被災,ヒサイ,名詞,サ変接続,3,動き,人生・禍福
久しい,ヒサシイ,形容詞,,4,状態,時間
久しぶり,ヒサシブリ,名詞,形容,5,状態,毎日・毎度
久々,ヒサビサ,名詞,形容,4,状態,毎日・毎度
非常識,ヒジョウシキ,名詞,形容,6,状態,意味・問題・趣旨など
左前,ヒダリマエ,名詞,連体,5,もの・こと,貧富
悲嘆,ヒタン,名詞,サ変接続,3,動き,苦悩・悲哀
筆記,ヒッキ,名詞,サ変接続,3,動き,書き
必死,ヒッシ,名詞,形容 連体,3,状態,信念・努力・忍耐
必定,ヒツジョウ,名詞,連体,5,もの・こと,因果
必須,ヒッス,名詞,形容 連体,3,状態,需給
ヒット,ヒット,名詞,サ変接続,3,動き,通過・普及など
必要,ヒツヨウ,名詞,形容,4,状態,需給
否定,ヒテイ,名詞,サ変接続,3,動き,賛否
ひどい,ヒドイ,形容詞,,3,状態,力
一息,ヒトイキ,名詞,時 連用,4,もの・こと,即時
人柄,ヒトガラ,名詞,形容,4,状態,性質
人気がない,ヒトケ,形容詞,,3,状態,趣・調子
人質,ヒトジチ,名詞,サ変接続,4,動き,人物
一晩中,ヒトバンジュウ,名詞,時 連用,7,もの・こと,朝晩
一回り,ヒトマワリ,名詞,サ変接続,5,動き,巡回など
一目,ヒトメ,名詞,連用,3,もの・こと,見る
ひとり,ヒトリ,名詞,連用,3,もの・こと,数記号（一二三）
一人暮らし,ヒトリグラシ,名詞,サ変接続,6,動き,生活・起臥
一人一人,ヒトリヒトリ,名詞,連用,6,もの・こと,自他
避難,ヒナン,名詞,サ変接続,3,動き,防止・妨害・回避
非難,ヒナン,名詞,サ変接続,3,動き,批評・弁解
被爆,ヒバク,名詞,サ変接続,3,動き,攻防
批判的,ヒハンテキ,名詞,引用 形容,5,状態,意味・問題・趣旨など
日々,ヒビ,名詞,時 連用,2,もの・こと,毎日・毎度
誹謗,ヒボウ,名詞,サ変接続,3,動き,脅迫・中傷・愚弄など
暇,ヒマ,名詞,形容,2,状態,時間
暇暮らし,ヒマグラシ,名詞,サ変接続,5,動き,口語・IT
曾孫受け,ヒマゴウケ,名詞,サ変接続,5,動き,口語・IT
微妙,ビミョウ,名詞,形容,4,状態,程度
ひやかし,ヒヤカシ,名詞,引用,4,もの・こと,脅迫・中傷・愚弄など
比喩的,ヒユテキ,名詞,形容,4,状態,口語・IT
病院,ビョウイン,名詞,連体,5,もの・こと,店・旅館・病院・劇場など
病気,ビョウキ,名詞,サ変接続,4,動き,病気・体調
表現,ヒョウゲン,名詞,サ変接続,5,動き,表現
表示,ヒョウジ,名詞,サ変接続,4,動き,見せる
拍子抜け,ヒョウシヌケ,名詞,サ変接続,6,動き,心
描写,ビョウシャ,名詞,サ変接続,5,動き,表現
表出,ヒョウシュツ,名詞,サ変接続,6,動き,表情・態度
病状,ビョウジョウ,名詞,連体,6,もの・こと,様相・情勢
表面,ヒョウメン,名詞,連体,5,もの・こと,面・側・表裏
平謝り,ヒラアヤマリ,名詞,サ変接続,6,動き,礼
昼,ヒル,名詞,時 連用,2,もの・こと,朝晩
昼頃,ヒルゴロ,名詞,時 連用,4,もの・こと,口語・IT
昼下がり,ヒルサガリ,名詞,時 連用,5,もの・こと,朝晩
昼過ぎ,ヒルスギ,名詞,時 連用,4,もの・こと,朝晩
昼間,ヒルマ,名詞,時 連用,3,もの・こと,朝晩
昼休み,ヒルヤスミ,名詞,サ変接続,5,動き,労働・作業・休暇
広い,ヒロイ,形容詞,,3,状態,広狭・大小
瓶,ビン,名詞,形容,2,状態,助数接辞
瀕死,ヒンシ,名詞,連体,3,もの・こと,病気・体調
頻繁,ヒンパン,名詞,形容,4,状態,毎日・毎度
ファイル,ファイル,名詞,サ変接続,4,動き,本体・代理
不安,フアン,名詞,形容,3,状態,安心・焦燥・満足
Ｖ,ブイ,名詞,文字,2,もの・こと,空間・場所
風俗,フウゾク,名詞,連体,4,もの・こと,文化・歴史・風俗
深い,フカイ,形容詞,,3,状態,長短・高低・深浅・厚薄・遠近
不快,フカイ,名詞,形容,3,状態,快・喜び
不気味,ブキミ,名詞,形容,3,状態,恐れ・怒り・悔しさ
複雑,フクザツ,名詞,形容,4,状態,弛緩・粗密・繁簡
福島,フクシマ,名詞,固有 地 組織 人名,4,もの・こと,口語・IT
複製,フクセイ,名詞,サ変接続,4,動き,本体・代理
服用,フクヨウ,名詞,サ変接続,4,動き,食生活
不健康,フケンコウ,名詞,形容,5,状態,良不良・適不適
不幸,フコウ,名詞,形容,3,状態,人生・禍福
不在,フザイ,名詞,サ変接続,3,動き,存在
相応しい,フサワシイ,形容詞,,5,状態,良不良・適不適
不思議,フシギ,名詞,形容,3,状態,真偽・是非
不自然,フシゼン,名詞,形容,4,状態,特徴
不自由,フジユウ,名詞,形容,4,状態,難易・安危
不条理,フジョウリ,名詞,形容,5,状態,論理・証明・偽り・誤り・訂正など
不審,フシン,名詞,形容,3,状態,思考・意見・疑い
不信心,フシンジン,名詞,形容,5,状態,信仰・宗教
不正,フセイ,名詞,形容,3,状態,真偽・是非
付属,フゾク,名詞,サ変接続,3,動き,連絡・所属
負担,フタン,名詞,サ変接続,3,動き,義務
ふだん,フダン,名詞,一般,3,もの・こと,時間
部長,ブチョウ,名詞,呼称,4,もの・こと,長
普通,フツウ,名詞,形容 連体,3,状態,特徴
復興,フッコウ,名詞,サ変接続,4,動き,発生・復活
物色,ブッショク,名詞,サ変接続,5,動き,研究・試験・調査・検査など
物理的,ブツリテキ,名詞,形容,5,状態,力
不適切,フテキセツ,名詞,形容,5,状態,良不良・適不適
不当,フトウ,名詞,形容,3,状態,良不良・適不適
布団叩き,フトンダタキ,名詞,サ変接続,6,動き,口語・IT
不慣れ,フナレ,名詞,形容,3,状態,学習・習慣・記憶
腐敗,フハイ,名詞,サ変接続,3,動き,文化・歴史・風俗
不便,フベン,名詞,形容,3,状態,難易・安危
不本意,フホンイ,名詞,形容,4,状態,意志
不満,フマン,名詞,形容,3,状態,安心・焦燥・満足
不明,フメイ,名詞,形容,3,状態,注意・認知・了解
冬,フユ,名詞,時 連用,2,もの・こと,季節
冬場,フユバ,名詞,時 連用,3,もの・こと,季節
冬初,フユハツ,名詞,時 連用,4,もの・こと,口語・IT
不要,フヨウ,名詞,形容,3,状態,需給
プライベート,プライベート,名詞,形容,6,状態,公式・公平
腐乱,フラン,名詞,サ変接続,3,動き,生理
プリミティブ,プリミティブ,名詞,形容,6,状態,口語・IT
不倫,フリン,名詞,形容,3,状態,道徳
プリントアウト,プリントアウト,名詞,サ変接続,7,動き,印刷・製本
古い,フルイ,形容詞,,3,状態,新旧・遅速
フルーティー,フルーティー,名詞,形容,6,状態,におい
プレイ,プレイ,名詞,サ変接続,3,動き,口語・IT
プレゼント,プレゼント,名詞,サ変接続,5,動き,授受
プログラミング,プログラミング,名詞,サ変接続,7,動き,成立
ブロック,ブロック,名詞,サ変接続,4,動き,範囲・席・跡
分岐,ブンキ,名詞,サ変接続,3,動き,分割・分裂・分散
分乗,ブンジョウ,名詞,サ変接続,5,動き,乗り降り・浮き沈み
分譲,ブンジョウ,名詞,サ変接続,5,動き,授受
平穏,ヘイオン,名詞,形容,4,状態,難易・安危
平気,ヘイキ,名詞,形容,3,状態,安心・焦燥・満足
閉口,ヘイコウ,名詞,サ変接続,4,動き,苦悩・悲哀
平身低頭,ヘイシンテイトウ,名詞,サ変接続,8,動き,身振り
平成,ヘイセイ,名詞,元号,4,もの・こと,時代
併設,ヘイセツ,名詞,サ変接続,4,動き,成立
閉塞,ヘイソク,名詞,サ変接続,4,動き,開閉・封
併用,ヘイヨウ,名詞,サ変接続,4,動き,扱い・操作・使用
平和,ヘイワ,名詞,形容,3,状態,平和・治乱
下手,ヘタ,名詞,形容,2,状態,上下
別,ベツ,名詞,形容,2,状態,こそあど・他
ぺったんこ,ペッタンコ,名詞,形容,5,状態,形
変,ヘン,名詞,形容,2,状態,事柄
変化,ヘンカ,名詞,サ変接続,3,動き,作用・変化
勉強,ベンキョウ,名詞,サ変接続,5,動き,学習・習慣・記憶
偏向,ヘンコウ,名詞,サ変接続,4,動き,進行・過程・経由
変更,ヘンコウ,名詞,サ変接続,4,動き,作用・変化
返事,ヘンジ,名詞,サ変接続,3,動き,通信
編集,ヘンシュウ,名詞,サ変接続,5,動き,合体・出会い・集合など
変色,ヘンショク,名詞,サ変接続,5,動き,作用・変化
返信,ヘンシン,名詞,サ変接続,4,動き,通信
変則的,ヘンソクテキ,名詞,形容,6,状態,口語・IT
便秘,ベンピ,名詞,サ変接続,3,動き,病気・体調
変貌,ヘンボウ,名詞,サ変接続,4,動き,作用・変化
便利,ベンリ,名詞,形容,3,状態,難易・安危
崩壊,ホウカイ,名詞,サ変接続,4,動き,破壊
傍観,ボウカン,名詞,サ変接続,4,動き,見る
報告,ホウコク,名詞,サ変接続,4,動き,伝達・報知
傍若無人,ボウジャクブジン,名詞,形容,8,状態,待遇・礼など
茫然,ボウゼン,名詞,形容,4,状態,心
再放送,サイホウソウ,名詞,サ変接続,6,動き,出版・放送
滂沱,ボウダ,名詞,形容,3,状態,表情・態度
放題,ホウダイ,名詞,形容,4,状態,その他の土木施設
放置,ホウチ,名詞,サ変接続,3,動き,保存
膨張,ボウチョウ,名詞,サ変接続,5,動き,伸縮
報道,ホウドウ,名詞,サ変接続,4,動き,伝達・報知
冒頭,ボウトウ,名詞,時 連用,4,もの・こと,終始
保護,ホゴ,名詞,サ変接続,2,動き,救護・救援
誇らしげ,ホコラシゲ,名詞,形容,5,状態,口語・IT
欲しい,ホシイ,形容詞,,3,状態,欲望・期待・失望
募集,ボシュウ,名詞,サ変接続,4,動き,合体・出会い・集合など
補助,ホジョ,名詞,サ変接続,3,動き,本体・代理
保証,ホショウ,名詞,サ変接続,4,動き,約束
ホット,ホット,名詞,形容,3,状態,新旧・遅速
程近い,ホドチカイ,形容詞,,5,状態,未来
程よい,ホドヨイ,形容詞,,4,状態,良不良・適不適
本格,ホンカク,名詞,連体,4,もの・こと,真偽・是非
本格的,ホンカクテキ,名詞,形容,6,状態,真偽・是非
本日,ホンジツ,名詞,時 連用,4,もの・こと,現在
本当,ホントウ,名詞,形容 連体,4,状態,真偽・是非
翻訳,ホンヤク,名詞,サ変接続,4,動き,翻訳
本来,ホンライ,名詞,連用,4,もの・こと,真偽・是非
毎朝,マイアサ,名詞,時 連用,4,もの・こと,毎日・毎度
毎週,マイシュウ,名詞,時 連用,5,もの・こと,毎日・毎度
毎年,マイトシ,名詞,時 連用,4,もの・こと,毎日・毎度
毎日,マイニチ,名詞,時 連用,4,もの・こと,毎日・毎度
前売り,マエウリ,名詞,サ変接続,4,動き,売買
前置き,マエオキ,名詞,サ変接続,4,動き,文章
まし,マシ,名詞,形容,2,状態,良不良・適不適
真面目,マジメ,名詞,形容,3,状態,真偽・是非
まずい,マズイ,形容詞,,3,状態,趣・調子
間近,マヂカ,名詞,形容,3,状態,未来
まちまち,マチマチ,名詞,形容,4,状態,調和・混乱
真っ赤,マッカ,名詞,形容,3,状態,真偽・是非
末期,マッキ,名詞,時 連用 連体,3,もの・こと,期間
真っ暗,マックラ,名詞,形容,4,状態,光
マッサージ,マッサージ,名詞,サ変接続,5,動き,保健・衛生
真っ白,マッシロ,名詞,形容,4,状態,色
真っ直ぐ,マッスグ,名詞,形容,4,状態,形
真っ只中,マッタダナカ,名詞,連体,6,もの・こと,中・隅・端
真似,マネ,名詞,サ変接続,2,動き,固有人名
眩しい,マブシイ,形容詞,,4,状態,感覚
魔法,マホウ,名詞,連体,3,もの・こと,信仰・宗教
まもない,マモナイ,形容詞,,4,状態,口語・IT
真夜中,マヨナカ,名詞,時 連用,4,もの・こと,朝晩
丸一日,マルイチニチ,名詞,時 連用,6,もの・こと,口語・IT
蔓延,マンエン,名詞,サ変接続,4,動き,通過・普及など
漫画的,マンガテキ,名詞,形容,5,状態,口語・IT
慢性的,マンセイテキ,名詞,形容,6,状態,時機
満席,マンセキ,名詞,サ変接続,4,動き,増減・補充
満足,マンゾク,名詞,サ変接続,4,動き,程度・限度
身動き,ミウゴキ,名詞,サ変接続,4,動き,動き
見聞き,ミキキ,名詞,サ変接続,3,動き,見聞き
見苦しい,ミグルシイ,形容詞,,5,状態,美醜
見事,ミゴト,名詞,形容,3,状態,趣・調子
短い,ミジカイ,形容詞,,4,状態,長短・高低・深浅・厚薄・遠近
身支度,ミジタク,名詞,サ変接続,4,動き,衣生活
未熟,ミジュク,名詞,形容,4,状態,学習・習慣・記憶
店じまい,ミセジマイ,名詞,サ変接続,5,動き,終了・中止・停止
身近,ミヂカ,名詞,形容,3,状態,ふち・そば・まわり・沿い
密葬,ミッソウ,名詞,サ変接続,4,動き,行事・式典・宗教的行事
密着,ミッチャク,名詞,サ変接続,5,動き,接近・接触・隔離
密閉,ミッペイ,名詞,サ変接続,4,動き,開閉・封
見積り,ミツモリ,名詞,サ変接続,4,動き,測定・計算
見辛い,ミヅライ,形容詞,,4,状態,見聞き
見通し,ミトオシ,名詞,引用,4,もの・こと,判断・推測・評価
緑,ミドリ,名詞,形容,3,状態,色
耳打ち,ミミウチ,名詞,サ変接続,4,動き,言語活動
見向き,ミムキ,名詞,引用,3,もの・こと,見る
妙,ミョウ,名詞,形容,3,状態,特徴
明朝,ミョウチョウ,名詞,時 連用,6,もの・こと,未来
未来,ミライ,名詞,時 連用 連体,3,もの・こと,未来
昔,ムカシ,名詞,時 連用,3,もの・こと,過去
無関係,ムカンケイ,名詞,形容,5,状態,関係
無関心,ムカンシン,名詞,形容,5,状態,心
剥き出し,ムキダシ,名詞,形容,4,状態,出没
無気力,ムキリョク,名詞,形容,5,状態,心
無言,ムゴン,名詞,連体,3,もの・こと,言語活動
難しい,ムズカシイ,形容詞,,5,状態,難易・安危
夢想,ムソウ,名詞,サ変接続,3,動き,判断・推測・評価
無駄,ムダ,名詞,形容,2,状態,因果
むちゃ,ムチャ,名詞,形容,3,状態,いたずら・騒ぎ
夢中,ムチュウ,名詞,連体,4,もの・こと,途中・盛り
無理,ムリ,名詞,サ変接続,2,動き,難易・安危
無理強い,ムリジイ,名詞,サ変接続,4,動き,命令・制約・服従
無理やり,ムリヤリ,名詞,形容,4,状態,信念・努力・忍耐
明治,メイジ,名詞,元号,3,もの・こと,時代
命日,メイニチ,名詞,時 連用,4,もの・こと,日
命令,メイレイ,名詞,サ変接続,4,動き,裁判
目隠し,メカクシ,名詞,サ変接続,4,動き,出没
目薬,メグスリ,名詞,サ変接続,4,動き,薬剤・薬品
目詰まり,メズマリ,名詞,サ変接続,4,動き,開閉・封
珍しい,メズラシイ,形容詞,,5,状態,特徴
めちゃくちゃ,メチャクチャ,名詞,形容,6,状態,調和・混乱
メモ,メモ,名詞,サ変接続,2,動き,文書
免許,メンキョ,名詞,サ変接続,4,動き,賛否
面接,メンセツ,名詞,サ変接続,4,動き,応接・送迎
メンタル,メンタル,名詞,形容,4,状態,口語・IT
面倒,メンドウ,名詞,形容,4,状態,人生・禍福
面倒くさい,メンドウクサイ,形容詞,,7,状態,苦悩・悲哀
妄想,モウソウ,名詞,サ変接続,4,動き,思考・意見・疑い
朦朧,モウロウ,名詞,形容,4,状態,詳細・正確・不思議
模擬,モギ,名詞,サ変接続,2,動き,学習・習慣・記憶
木曜日,モクヨウビ,名詞,時 連用,5,もの・こと,週・週日
文字どおり,モジドオリ,名詞,連体,5,もの・こと,異同・類似
もったいない,モッタイナイ,形容詞,,6,状態,敬意・感謝・信頼など
尤もらしい,モットモラシイ,形容詞,,7,状態,理由・目的・証拠
もと,モト,名詞,連用,2,もの・こと,本末
元通り,モトドオリ,名詞,連用,5,もの・こと,異同・類似
モニター,モニター,名詞,サ変接続,4,動き,専門的・技術的職業
物憂い,モノウイ,形容詞,,4,状態,苦悩・悲哀
物々しい,モノモノシイ,形容詞,,6,状態,人生・禍福
問診,モンシン,名詞,サ変接続,4,動き,医療
悶々,モンモン,名詞,形容,4,状態,苦悩・悲哀
やかましい,ヤカマシイ,形容詞,,5,状態,言語活動
夜勤,ヤキン,名詞,サ変接続,3,動き,労働・作業・休暇
役者,ヤクシャ,名詞,サ変接続,4,動き,専門的・技術的職業
約束,ヤクソク,名詞,サ変接続,4,動き,原理・規則
やさしい,ヤサシイ,形容詞,,4,状態,美醜
優しい,ヤサシイ,形容詞,,4,状態,美醜
安い,ヤスイ,形容詞,,3,状態,経済・収支
矢継ぎ早,ヤツギバヤ,名詞,形容,5,状態,連続・反復
やばい,ヤバイ,形容詞,,3,状態,難易・安危
やむを得ない,ヤムヲエナイ,形容詞,,6,状態,必然性
揶揄,ヤユ,名詞,サ変接続,2,動き,脅迫・中傷・愚弄など
やり取り,ヤリトリ,名詞,サ変接続,4,動き,話・談話
ヤンキー,ヤンキー,名詞,形容,4,状態,人種・民族
唯一,ユイイツ,名詞,形容 連体 連用,4,状態,一般・全体・部分
遺言,ユイゴン,名詞,サ変接続,4,動き,伝達・報知
有意義,ユウイギ,名詞,形容,4,状態,意味・問題・趣旨など
夕方,ユウガタ,名詞,時 連用,4,もの・こと,朝晩
優遇,ユウグウ,名詞,サ変接続,4,動き,待遇
夕暮れ前,ユウグレマエ,名詞,時 連用,6,もの・こと,口語・IT
有効,ユウコウ,名詞,形容,4,状態,因果
悠長,ユウチョウ,名詞,形容,5,状態,速度
誘導,ユウドウ,名詞,サ変接続,4,動き,連れ・導き・追い・逃げなど
ユーモラス,ユーモラス,名詞,形容,5,状態,説・論・主義
行く末,ユクスエ,名詞,連用,4,もの・こと,未来
輸血,ユケツ,名詞,サ変接続,3,動き,医療
豊か,ユタカ,名詞,形容,3,状態,多少
由来,ユライ,名詞,サ変接続 連体,3,動き,本末
世,ヨ,名詞,時 連用,1,もの・こと,時代
容易,ヨウイ,名詞,形容,3,状態,難易・安危
用意,ヨウイ,名詞,サ変接続,3,動き,注意・認知・了解
用意周到,ヨウイシュウトウ,名詞,形容,8,状態,詳細・正確・不思議
陽気,ヨウキ,名詞,形容,3,状態,気象
要求,ヨウキュウ,名詞,サ変接続,5,動き,欲望・期待・失望
養成,ヨウセイ,名詞,サ変接続,4,動き,教育・養成
予感,ヨカン,名詞,サ変接続,3,動き,感覚
翌朝,ヨクアサ,名詞,時 連用,4,もの・こと,時間的前後
翌日,ヨクジツ,名詞,時 連用,4,もの・こと,時間的前後
翌年,ヨクネン,名詞,時 連用,4,もの・こと,時間的前後
横書き,ヨコガキ,名詞,サ変接続,4,動き,文字
予習,ヨシュウ,名詞,サ変接続,4,動き,学習・習慣・記憶
予選,ヨセン,名詞,サ変接続,3,動き,比較・参考・区別・選択
予想,ヨソウ,名詞,サ変接続,3,動き,判断・推測・評価
予断,ヨダン,名詞,サ変接続,3,動き,判断・推測・評価
予定,ヨテイ,名詞,サ変接続,3,動き,決心・解決・決定・迷い
夜中,ヨナカ,名詞,時 連用,3,もの・こと,朝晩
夜更かし,ヨフカシ,名詞,サ変接続,4,動き,生活・起臥
夜更け,ヨフケ,名詞,時 連用,3,もの・こと,朝晩
読み上げ,ヨミアゲ,名詞,引用,4,もの・こと,口語・IT
予約,ヨヤク,名詞,サ変接続,3,動き,約束
夜,ヨル,名詞,時 連用,2,もの・こと,朝晩
宜しい,ヨロシイ,形容詞,,4,状態,良不良・適不適
弱い,ヨワイ,形容詞,,3,状態,力
来月,ライゲツ,名詞,時 連用,4,もの・こと,未来
来週,ライシュウ,名詞,時 連用,5,もの・こと,未来
ライト,ライト,名詞,形容,3,状態,左右・前後・たてよこ
来冬,ライトウ,名詞,時 連用,4,もの・こと,往復
来年,ライネン,名詞,時 連用,4,もの・こと,未来
楽,ラク,名詞,形容,2,状態,難易・安危
落下,ラッカ,名詞,サ変接続,3,動き,上がり・下がり
乱雑,ランザツ,名詞,形容,4,状態,調和・混乱
乱闘,ラントウ,名詞,サ変接続,4,動き,いたずら・騒ぎ
乱暴,ランボウ,名詞,形容,4,状態,威厳・行儀・品行
理解,リカイ,名詞,サ変接続,3,動き,注意・認知・了解
罹患,リカン,名詞,サ変接続,3,動き,病気・体調
履修,リシュウ,名詞,サ変接続,4,動き,学習・習慣・記憶
リストアップ,リストアップ,名詞,サ変接続,6,動き,書き
留学,リュウガク,名詞,サ変接続,5,動き,学習・習慣・記憶
流暢,リュウチョウ,名詞,形容,6,状態,言語活動
了解,リョウカイ,名詞,サ変接続,5,動き,注意・認知・了解
料理,リョウリ,名詞,サ変接続,4,動き,炊事・調理
旅行,リョコウ,名詞,サ変接続,4,動き,旅・行楽
輪郭,リンカク,名詞,連体,4,もの・こと,形・型・姿・構え
臨終,リンジュウ,名詞,時 連用,5,もの・こと,終始
留守,ルス,名詞,サ変接続,2,動き,存在
例外,レイガイ,名詞,形容,4,状態,類・例
冷静,レイセイ,名詞,形容,4,状態,安心・焦燥・満足
冷凍,レイトウ,名詞,サ変接続,4,動き,炊事・調理
冷房,レイボウ,名詞,サ変接続,4,動き,技術・設備・修理
劣化,レッカ,名詞,サ変接続,3,動き,作用・変化
連想,レンソウ,名詞,サ変接続,4,動き,判断・推測・評価
連動,レンドウ,名詞,サ変接続,4,動き,動き
連綿,レンメン,名詞,形容,4,状態,連続・反復
連絡,レンラク,名詞,サ変接続,4,動き,連絡・所属
漏洩,ロウエイ,名詞,サ変接続,4,動き,漏れ・吸入など
老後,ロウゴ,名詞,時 連用,3,もの・こと,時間的前後
老人,ロウジン,名詞,呼称,4,もの・こと,老少
老人向け,ロウジンムケ,名詞,呼称,6,もの・こと,口語・IT
漏水,ロウスイ,名詞,サ変接続,4,動き,漏れ・吸入など
老衰,ロウスイ,名詞,サ変接続,4,動き,生
労働者,ロウドウシャ,名詞,形容,6,状態,職人
碌,ロク,名詞,形容,2,状態,数記号（一二三）
ログイン,ログイン,名詞,サ変接続,4,動き,口語・IT
録音,ロクオン,名詞,サ変接続,4,動き,練り・塗り・撃ち・録音・撮影
ロック,ロック,名詞,サ変接続,3,動き,日用品
若い,ワカイ,形容詞,,3,状態,新旧・遅速
若手,ワカテ,名詞,連体,3,もの・こと,老少
わがまま,ワガママ,名詞,形容,4,状態,意志
若者,ワカモノ,名詞,連体,4,もの・こと,老少
若々しい,ワカワカシイ,形容詞,,6,状態,新旧・遅速
輪切,ワギリ,名詞,サ変接続,3,動き,切断
僅か,ワズカ,名詞,形容,3,状態,多少
悪い,ワルイ,形容詞,,3,状態,良不良・適不適
